cod,soc_code,peso,nivel_cod_isco,metodo,fonte_cod,fonte_soc
1111,11-1031,1.0,4,reparticao_uniforme_entre_soc,IBGE Estrutura_Ocupacao_COD.xls,reproducao arquivada da ponte BLS ISCO08-SOC2010
1112,11-1011,0.3333333333333333,4,reparticao_uniforme_entre_soc,IBGE Estrutura_Ocupacao_COD.xls,reproducao arquivada da ponte BLS ISCO08-SOC2010
1112,11-1021,0.3333333333333333,4,reparticao_uniforme_entre_soc,IBGE Estrutura_Ocupacao_COD.xls,reproducao arquivada da ponte BLS ISCO08-SOC2010
1112,11-9161,0.3333333333333333,4,reparticao_uniforme_entre_soc,IBGE Estrutura_Ocupacao_COD.xls,reproducao arquivada da ponte BLS ISCO08-SOC2010
1113,11-1011,0.5,4,reparticao_uniforme_entre_soc,IBGE Estrutura_Ocupacao_COD.xls,reproducao arquivada da ponte BLS ISCO08-SOC2010
1113,11-1031,0.5,4,reparticao_uniforme_entre_soc,IBGE Estrutura_Ocupacao_COD.xls,reproducao arquivada da ponte BLS ISCO08-SOC2010
1114,11-1021,0.3333333333333333,4,reparticao_uniforme_entre_soc,IBGE Estrutura_Ocupacao_COD.xls,reproducao arquivada da ponte BLS ISCO08-SOC2010
1114,11-2031,0.3333333333333333,4,reparticao_uniforme_entre_soc,IBGE Estrutura_Ocupacao_COD.xls,reproducao arquivada da ponte BLS ISCO08-SOC2010
1114,11-9199,0.3333333333333333,4,reparticao_uniforme_entre_soc,IBGE Estrutura_Ocupacao_COD.xls,reproducao arquivada da ponte BLS ISCO08-SOC2010
1120,11-1011,0.5,4,reparticao_uniforme_entre_soc,IBGE Estrutura_Ocupacao_COD.xls,reproducao arquivada da ponte BLS ISCO08-SOC2010
1120,11-1021,0.5,4,reparticao_uniforme_entre_soc,IBGE Estrutura_Ocupacao_COD.xls,reproducao arquivada da ponte BLS ISCO08-SOC2010
1211,11-3031,1.0,4,reparticao_uniforme_entre_soc,IBGE Estrutura_Ocupacao_COD.xls,reproducao arquivada da ponte BLS ISCO08-SOC2010
1212,11-3111,0.3333333333333333,4,reparticao_uniforme_entre_soc,IBGE Estrutura_Ocupacao_COD.xls,reproducao arquivada da ponte BLS ISCO08-SOC2010
1212,11-3121,0.3333333333333333,4,reparticao_uniforme_entre_soc,IBGE Estrutura_Ocupacao_COD.xls,reproducao arquivada da ponte BLS ISCO08-SOC2010
1212,11-3131,0.3333333333333333,4,reparticao_uniforme_entre_soc,IBGE Estrutura_Ocupacao_COD.xls,reproducao arquivada da ponte BLS ISCO08-SOC2010
1213,11-9199,1.0,4,reparticao_uniforme_entre_soc,IBGE Estrutura_Ocupacao_COD.xls,reproducao arquivada da ponte BLS ISCO08-SOC2010
1219,11-2031,0.16666666666666666,4,reparticao_uniforme_entre_soc,IBGE Estrutura_Ocupacao_COD.xls,reproducao arquivada da ponte BLS ISCO08-SOC2010
1219,11-3011,0.16666666666666666,4,reparticao_uniforme_entre_soc,IBGE Estrutura_Ocupacao_COD.xls,reproducao arquivada da ponte BLS ISCO08-SOC2010
1219,11-3061,0.16666666666666666,4,reparticao_uniforme_entre_soc,IBGE Estrutura_Ocupacao_COD.xls,reproducao arquivada da ponte BLS ISCO08-SOC2010
1219,11-9061,0.16666666666666666,4,reparticao_uniforme_entre_soc,IBGE Estrutura_Ocupacao_COD.xls,reproducao arquivada da ponte BLS ISCO08-SOC2010
1219,11-9131,0.16666666666666666,4,reparticao_uniforme_entre_soc,IBGE Estrutura_Ocupacao_COD.xls,reproducao arquivada da ponte BLS ISCO08-SOC2010
1219,11-9199,0.16666666666666666,4,reparticao_uniforme_entre_soc,IBGE Estrutura_Ocupacao_COD.xls,reproducao arquivada da ponte BLS ISCO08-SOC2010
1221,11-2021,0.5,4,reparticao_uniforme_entre_soc,IBGE Estrutura_Ocupacao_COD.xls,reproducao arquivada da ponte BLS ISCO08-SOC2010
1221,11-2022,0.5,4,reparticao_uniforme_entre_soc,IBGE Estrutura_Ocupacao_COD.xls,reproducao arquivada da ponte BLS ISCO08-SOC2010
1222,11-2011,0.5,4,reparticao_uniforme_entre_soc,IBGE Estrutura_Ocupacao_COD.xls,reproducao arquivada da ponte BLS ISCO08-SOC2010
1222,11-2031,0.5,4,reparticao_uniforme_entre_soc,IBGE Estrutura_Ocupacao_COD.xls,reproducao arquivada da ponte BLS ISCO08-SOC2010
1223,11-9041,0.5,4,reparticao_uniforme_entre_soc,IBGE Estrutura_Ocupacao_COD.xls,reproducao arquivada da ponte BLS ISCO08-SOC2010
1223,11-9121,0.5,4,reparticao_uniforme_entre_soc,IBGE Estrutura_Ocupacao_COD.xls,reproducao arquivada da ponte BLS ISCO08-SOC2010
1311,11-9013,1.0,4,reparticao_uniforme_entre_soc,IBGE Estrutura_Ocupacao_COD.xls,reproducao arquivada da ponte BLS ISCO08-SOC2010
1312,11-9013,1.0,4,reparticao_uniforme_entre_soc,IBGE Estrutura_Ocupacao_COD.xls,reproducao arquivada da ponte BLS ISCO08-SOC2010
1321,11-3051,1.0,4,reparticao_uniforme_entre_soc,IBGE Estrutura_Ocupacao_COD.xls,reproducao arquivada da ponte BLS ISCO08-SOC2010
1322,11-9199,1.0,4,reparticao_uniforme_entre_soc,IBGE Estrutura_Ocupacao_COD.xls,reproducao arquivada da ponte BLS ISCO08-SOC2010
1323,11-9021,1.0,4,reparticao_uniforme_entre_soc,IBGE Estrutura_Ocupacao_COD.xls,reproducao arquivada da ponte BLS ISCO08-SOC2010
1324,11-3071,1.0,4,reparticao_uniforme_entre_soc,IBGE Estrutura_Ocupacao_COD.xls,reproducao arquivada da ponte BLS ISCO08-SOC2010
1330,11-3021,1.0,4,reparticao_uniforme_entre_soc,IBGE Estrutura_Ocupacao_COD.xls,reproducao arquivada da ponte BLS ISCO08-SOC2010
1341,11-9031,1.0,4,reparticao_uniforme_entre_soc,IBGE Estrutura_Ocupacao_COD.xls,reproducao arquivada da ponte BLS ISCO08-SOC2010
1342,11-9111,1.0,4,reparticao_uniforme_entre_soc,IBGE Estrutura_Ocupacao_COD.xls,reproducao arquivada da ponte BLS ISCO08-SOC2010
1343,11-1021,0.5,4,reparticao_uniforme_entre_soc,IBGE Estrutura_Ocupacao_COD.xls,reproducao arquivada da ponte BLS ISCO08-SOC2010
1343,11-9111,0.5,4,reparticao_uniforme_entre_soc,IBGE Estrutura_Ocupacao_COD.xls,reproducao arquivada da ponte BLS ISCO08-SOC2010
1344,11-9151,1.0,4,reparticao_uniforme_entre_soc,IBGE Estrutura_Ocupacao_COD.xls,reproducao arquivada da ponte BLS ISCO08-SOC2010
1345,11-9032,0.3333333333333333,4,reparticao_uniforme_entre_soc,IBGE Estrutura_Ocupacao_COD.xls,reproducao arquivada da ponte BLS ISCO08-SOC2010
1345,11-9033,0.3333333333333333,4,reparticao_uniforme_entre_soc,IBGE Estrutura_Ocupacao_COD.xls,reproducao arquivada da ponte BLS ISCO08-SOC2010
1345,11-9039,0.3333333333333333,4,reparticao_uniforme_entre_soc,IBGE Estrutura_Ocupacao_COD.xls,reproducao arquivada da ponte BLS ISCO08-SOC2010
1346,11-1021,0.5,4,reparticao_uniforme_entre_soc,IBGE Estrutura_Ocupacao_COD.xls,reproducao arquivada da ponte BLS ISCO08-SOC2010
1346,11-3031,0.5,4,reparticao_uniforme_entre_soc,IBGE Estrutura_Ocupacao_COD.xls,reproducao arquivada da ponte BLS ISCO08-SOC2010
1349,11-9199,1.0,4,reparticao_uniforme_entre_soc,IBGE Estrutura_Ocupacao_COD.xls,reproducao arquivada da ponte BLS ISCO08-SOC2010
1411,11-9081,1.0,4,reparticao_uniforme_entre_soc,IBGE Estrutura_Ocupacao_COD.xls,reproducao arquivada da ponte BLS ISCO08-SOC2010
1412,11-9051,1.0,4,reparticao_uniforme_entre_soc,IBGE Estrutura_Ocupacao_COD.xls,reproducao arquivada da ponte BLS ISCO08-SOC2010
1420,11-1021,1.0,4,reparticao_uniforme_entre_soc,IBGE Estrutura_Ocupacao_COD.xls,reproducao arquivada da ponte BLS ISCO08-SOC2010
1431,11-9071,0.5,4,reparticao_uniforme_entre_soc,IBGE Estrutura_Ocupacao_COD.xls,reproducao arquivada da ponte BLS ISCO08-SOC2010
1431,11-9199,0.5,4,reparticao_uniforme_entre_soc,IBGE Estrutura_Ocupacao_COD.xls,reproducao arquivada da ponte BLS ISCO08-SOC2010
1439,11-9199,1.0,4,reparticao_uniforme_entre_soc,IBGE Estrutura_Ocupacao_COD.xls,reproducao arquivada da ponte BLS ISCO08-SOC2010
2111,19-2011,0.3333333333333333,4,reparticao_uniforme_entre_soc,IBGE Estrutura_Ocupacao_COD.xls,reproducao arquivada da ponte BLS ISCO08-SOC2010
2111,19-2012,0.3333333333333333,4,reparticao_uniforme_entre_soc,IBGE Estrutura_Ocupacao_COD.xls,reproducao arquivada da ponte BLS ISCO08-SOC2010
2111,19-2099,0.3333333333333333,4,reparticao_uniforme_entre_soc,IBGE Estrutura_Ocupacao_COD.xls,reproducao arquivada da ponte BLS ISCO08-SOC2010
2112,19-2021,0.5,4,reparticao_uniforme_entre_soc,IBGE Estrutura_Ocupacao_COD.xls,reproducao arquivada da ponte BLS ISCO08-SOC2010
2112,19-2099,0.5,4,reparticao_uniforme_entre_soc,IBGE Estrutura_Ocupacao_COD.xls,reproducao arquivada da ponte BLS ISCO08-SOC2010
2113,19-2031,0.3333333333333333,4,reparticao_uniforme_entre_soc,IBGE Estrutura_Ocupacao_COD.xls,reproducao arquivada da ponte BLS ISCO08-SOC2010
2113,19-2032,0.3333333333333333,4,reparticao_uniforme_entre_soc,IBGE Estrutura_Ocupacao_COD.xls,reproducao arquivada da ponte BLS ISCO08-SOC2010
2113,19-2099,0.3333333333333333,4,reparticao_uniforme_entre_soc,IBGE Estrutura_Ocupacao_COD.xls,reproducao arquivada da ponte BLS ISCO08-SOC2010
2114,19-2042,0.3333333333333333,4,reparticao_uniforme_entre_soc,IBGE Estrutura_Ocupacao_COD.xls,reproducao arquivada da ponte BLS ISCO08-SOC2010
2114,19-2043,0.3333333333333333,4,reparticao_uniforme_entre_soc,IBGE Estrutura_Ocupacao_COD.xls,reproducao arquivada da ponte BLS ISCO08-SOC2010
2114,19-2099,0.3333333333333333,4,reparticao_uniforme_entre_soc,IBGE Estrutura_Ocupacao_COD.xls,reproducao arquivada da ponte BLS ISCO08-SOC2010
2120,15-2011,0.2,4,reparticao_uniforme_entre_soc,IBGE Estrutura_Ocupacao_COD.xls,reproducao arquivada da ponte BLS ISCO08-SOC2010
2120,15-2021,0.2,4,reparticao_uniforme_entre_soc,IBGE Estrutura_Ocupacao_COD.xls,reproducao arquivada da ponte BLS ISCO08-SOC2010
2120,15-2031,0.2,4,reparticao_uniforme_entre_soc,IBGE Estrutura_Ocupacao_COD.xls,reproducao arquivada da ponte BLS ISCO08-SOC2010
2120,15-2041,0.2,4,reparticao_uniforme_entre_soc,IBGE Estrutura_Ocupacao_COD.xls,reproducao arquivada da ponte BLS ISCO08-SOC2010
2120,19-3022,0.2,4,reparticao_uniforme_entre_soc,IBGE Estrutura_Ocupacao_COD.xls,reproducao arquivada da ponte BLS ISCO08-SOC2010
2131,19-1011,0.1,4,reparticao_uniforme_entre_soc,IBGE Estrutura_Ocupacao_COD.xls,reproducao arquivada da ponte BLS ISCO08-SOC2010
2131,19-1012,0.1,4,reparticao_uniforme_entre_soc,IBGE Estrutura_Ocupacao_COD.xls,reproducao arquivada da ponte BLS ISCO08-SOC2010
2131,19-1013,0.1,4,reparticao_uniforme_entre_soc,IBGE Estrutura_Ocupacao_COD.xls,reproducao arquivada da ponte BLS ISCO08-SOC2010
2131,19-1021,0.1,4,reparticao_uniforme_entre_soc,IBGE Estrutura_Ocupacao_COD.xls,reproducao arquivada da ponte BLS ISCO08-SOC2010
2131,19-1022,0.1,4,reparticao_uniforme_entre_soc,IBGE Estrutura_Ocupacao_COD.xls,reproducao arquivada da ponte BLS ISCO08-SOC2010
2131,19-1023,0.1,4,reparticao_uniforme_entre_soc,IBGE Estrutura_Ocupacao_COD.xls,reproducao arquivada da ponte BLS ISCO08-SOC2010
2131,19-1029,0.1,4,reparticao_uniforme_entre_soc,IBGE Estrutura_Ocupacao_COD.xls,reproducao arquivada da ponte BLS ISCO08-SOC2010
2131,19-1041,0.1,4,reparticao_uniforme_entre_soc,IBGE Estrutura_Ocupacao_COD.xls,reproducao arquivada da ponte BLS ISCO08-SOC2010
2131,19-1042,0.1,4,reparticao_uniforme_entre_soc,IBGE Estrutura_Ocupacao_COD.xls,reproducao arquivada da ponte BLS ISCO08-SOC2010
2131,19-1099,0.1,4,reparticao_uniforme_entre_soc,IBGE Estrutura_Ocupacao_COD.xls,reproducao arquivada da ponte BLS ISCO08-SOC2010
2132,19-1013,0.3333333333333333,4,reparticao_uniforme_entre_soc,IBGE Estrutura_Ocupacao_COD.xls,reproducao arquivada da ponte BLS ISCO08-SOC2010
2132,19-1032,0.3333333333333333,4,reparticao_uniforme_entre_soc,IBGE Estrutura_Ocupacao_COD.xls,reproducao arquivada da ponte BLS ISCO08-SOC2010
2132,25-9021,0.3333333333333333,4,reparticao_uniforme_entre_soc,IBGE Estrutura_Ocupacao_COD.xls,reproducao arquivada da ponte BLS ISCO08-SOC2010
2133,19-1031,0.5,4,reparticao_uniforme_entre_soc,IBGE Estrutura_Ocupacao_COD.xls,reproducao arquivada da ponte BLS ISCO08-SOC2010
2133,19-2041,0.5,4,reparticao_uniforme_entre_soc,IBGE Estrutura_Ocupacao_COD.xls,reproducao arquivada da ponte BLS ISCO08-SOC2010
2141,17-2112,1.0,4,reparticao_uniforme_entre_soc,IBGE Estrutura_Ocupacao_COD.xls,reproducao arquivada da ponte BLS ISCO08-SOC2010
2142,17-2051,1.0,4,reparticao_uniforme_entre_soc,IBGE Estrutura_Ocupacao_COD.xls,reproducao arquivada da ponte BLS ISCO08-SOC2010
2143,17-2081,1.0,4,reparticao_uniforme_entre_soc,IBGE Estrutura_Ocupacao_COD.xls,reproducao arquivada da ponte BLS ISCO08-SOC2010
2144,17-2011,0.25,4,reparticao_uniforme_entre_soc,IBGE Estrutura_Ocupacao_COD.xls,reproducao arquivada da ponte BLS ISCO08-SOC2010
2144,17-2021,0.25,4,reparticao_uniforme_entre_soc,IBGE Estrutura_Ocupacao_COD.xls,reproducao arquivada da ponte BLS ISCO08-SOC2010
2144,17-2121,0.25,4,reparticao_uniforme_entre_soc,IBGE Estrutura_Ocupacao_COD.xls,reproducao arquivada da ponte BLS ISCO08-SOC2010
2144,17-2141,0.25,4,reparticao_uniforme_entre_soc,IBGE Estrutura_Ocupacao_COD.xls,reproducao arquivada da ponte BLS ISCO08-SOC2010
2145,17-2041,1.0,4,reparticao_uniforme_entre_soc,IBGE Estrutura_Ocupacao_COD.xls,reproducao arquivada da ponte BLS ISCO08-SOC2010
2146,17-2131,0.25,4,reparticao_uniforme_entre_soc,IBGE Estrutura_Ocupacao_COD.xls,reproducao arquivada da ponte BLS ISCO08-SOC2010
2146,17-2151,0.25,4,reparticao_uniforme_entre_soc,IBGE Estrutura_Ocupacao_COD.xls,reproducao arquivada da ponte BLS ISCO08-SOC2010
2146,17-2171,0.25,4,reparticao_uniforme_entre_soc,IBGE Estrutura_Ocupacao_COD.xls,reproducao arquivada da ponte BLS ISCO08-SOC2010
2146,19-2032,0.25,4,reparticao_uniforme_entre_soc,IBGE Estrutura_Ocupacao_COD.xls,reproducao arquivada da ponte BLS ISCO08-SOC2010
2149,17-2031,0.2,4,reparticao_uniforme_entre_soc,IBGE Estrutura_Ocupacao_COD.xls,reproducao arquivada da ponte BLS ISCO08-SOC2010
2149,17-2111,0.2,4,reparticao_uniforme_entre_soc,IBGE Estrutura_Ocupacao_COD.xls,reproducao arquivada da ponte BLS ISCO08-SOC2010
2149,17-2131,0.2,4,reparticao_uniforme_entre_soc,IBGE Estrutura_Ocupacao_COD.xls,reproducao arquivada da ponte BLS ISCO08-SOC2010
2149,17-2161,0.2,4,reparticao_uniforme_entre_soc,IBGE Estrutura_Ocupacao_COD.xls,reproducao arquivada da ponte BLS ISCO08-SOC2010
2149,17-2199,0.2,4,reparticao_uniforme_entre_soc,IBGE Estrutura_Ocupacao_COD.xls,reproducao arquivada da ponte BLS ISCO08-SOC2010
2151,17-2071,1.0,4,reparticao_uniforme_entre_soc,IBGE Estrutura_Ocupacao_COD.xls,reproducao arquivada da ponte BLS ISCO08-SOC2010
2152,17-2061,0.5,4,reparticao_uniforme_entre_soc,IBGE Estrutura_Ocupacao_COD.xls,reproducao arquivada da ponte BLS ISCO08-SOC2010
2152,17-2072,0.5,4,reparticao_uniforme_entre_soc,IBGE Estrutura_Ocupacao_COD.xls,reproducao arquivada da ponte BLS ISCO08-SOC2010
2153,17-2072,1.0,4,reparticao_uniforme_entre_soc,IBGE Estrutura_Ocupacao_COD.xls,reproducao arquivada da ponte BLS ISCO08-SOC2010
2161,17-1011,1.0,4,reparticao_uniforme_entre_soc,IBGE Estrutura_Ocupacao_COD.xls,reproducao arquivada da ponte BLS ISCO08-SOC2010
2162,17-1012,1.0,4,reparticao_uniforme_entre_soc,IBGE Estrutura_Ocupacao_COD.xls,reproducao arquivada da ponte BLS ISCO08-SOC2010
2163,27-1021,0.3333333333333333,4,reparticao_uniforme_entre_soc,IBGE Estrutura_Ocupacao_COD.xls,reproducao arquivada da ponte BLS ISCO08-SOC2010
2163,27-1022,0.3333333333333333,4,reparticao_uniforme_entre_soc,IBGE Estrutura_Ocupacao_COD.xls,reproducao arquivada da ponte BLS ISCO08-SOC2010
2163,27-1029,0.3333333333333333,4,reparticao_uniforme_entre_soc,IBGE Estrutura_Ocupacao_COD.xls,reproducao arquivada da ponte BLS ISCO08-SOC2010
2164,19-3051,1.0,4,reparticao_uniforme_entre_soc,IBGE Estrutura_Ocupacao_COD.xls,reproducao arquivada da ponte BLS ISCO08-SOC2010
2165,17-1021,0.5,4,reparticao_uniforme_entre_soc,IBGE Estrutura_Ocupacao_COD.xls,reproducao arquivada da ponte BLS ISCO08-SOC2010
2165,17-1022,0.5,4,reparticao_uniforme_entre_soc,IBGE Estrutura_Ocupacao_COD.xls,reproducao arquivada da ponte BLS ISCO08-SOC2010
2166,27-1014,0.5,4,reparticao_uniforme_entre_soc,IBGE Estrutura_Ocupacao_COD.xls,reproducao arquivada da ponte BLS ISCO08-SOC2010
2166,27-1024,0.5,4,reparticao_uniforme_entre_soc,IBGE Estrutura_Ocupacao_COD.xls,reproducao arquivada da ponte BLS ISCO08-SOC2010
2211,29-1062,0.25,4,reparticao_uniforme_entre_soc,IBGE Estrutura_Ocupacao_COD.xls,reproducao arquivada da ponte BLS ISCO08-SOC2010
2211,29-1063,0.25,4,reparticao_uniforme_entre_soc,IBGE Estrutura_Ocupacao_COD.xls,reproducao arquivada da ponte BLS ISCO08-SOC2010
2211,29-1065,0.25,4,reparticao_uniforme_entre_soc,IBGE Estrutura_Ocupacao_COD.xls,reproducao arquivada da ponte BLS ISCO08-SOC2010
2211,29-1069,0.25,4,reparticao_uniforme_entre_soc,IBGE Estrutura_Ocupacao_COD.xls,reproducao arquivada da ponte BLS ISCO08-SOC2010
2212,29-1061,0.2,4,reparticao_uniforme_entre_soc,IBGE Estrutura_Ocupacao_COD.xls,reproducao arquivada da ponte BLS ISCO08-SOC2010
2212,29-1064,0.2,4,reparticao_uniforme_entre_soc,IBGE Estrutura_Ocupacao_COD.xls,reproducao arquivada da ponte BLS ISCO08-SOC2010
2212,29-1066,0.2,4,reparticao_uniforme_entre_soc,IBGE Estrutura_Ocupacao_COD.xls,reproducao arquivada da ponte BLS ISCO08-SOC2010
2212,29-1067,0.2,4,reparticao_uniforme_entre_soc,IBGE Estrutura_Ocupacao_COD.xls,reproducao arquivada da ponte BLS ISCO08-SOC2010
2212,29-1069,0.2,4,reparticao_uniforme_entre_soc,IBGE Estrutura_Ocupacao_COD.xls,reproducao arquivada da ponte BLS ISCO08-SOC2010
2221,29-1141,0.3333333333333333,4,reparticao_uniforme_entre_soc,IBGE Estrutura_Ocupacao_COD.xls,reproducao arquivada da ponte BLS ISCO08-SOC2010
2221,29-1151,0.3333333333333333,4,reparticao_uniforme_entre_soc,IBGE Estrutura_Ocupacao_COD.xls,reproducao arquivada da ponte BLS ISCO08-SOC2010
2221,29-1171,0.3333333333333333,4,reparticao_uniforme_entre_soc,IBGE Estrutura_Ocupacao_COD.xls,reproducao arquivada da ponte BLS ISCO08-SOC2010
2222,29-1161,1.0,4,reparticao_uniforme_entre_soc,IBGE Estrutura_Ocupacao_COD.xls,reproducao arquivada da ponte BLS ISCO08-SOC2010
2230,29-1199,1.0,4,reparticao_uniforme_entre_soc,IBGE Estrutura_Ocupacao_COD.xls,reproducao arquivada da ponte BLS ISCO08-SOC2010
2240,29-1071,1.0,4,reparticao_uniforme_entre_soc,IBGE Estrutura_Ocupacao_COD.xls,reproducao arquivada da ponte BLS ISCO08-SOC2010
2250,29-1131,1.0,4,reparticao_uniforme_entre_soc,IBGE Estrutura_Ocupacao_COD.xls,reproducao arquivada da ponte BLS ISCO08-SOC2010
2261,29-1021,0.2,4,reparticao_uniforme_entre_soc,IBGE Estrutura_Ocupacao_COD.xls,reproducao arquivada da ponte BLS ISCO08-SOC2010
2261,29-1022,0.2,4,reparticao_uniforme_entre_soc,IBGE Estrutura_Ocupacao_COD.xls,reproducao arquivada da ponte BLS ISCO08-SOC2010
2261,29-1023,0.2,4,reparticao_uniforme_entre_soc,IBGE Estrutura_Ocupacao_COD.xls,reproducao arquivada da ponte BLS ISCO08-SOC2010
2261,29-1024,0.2,4,reparticao_uniforme_entre_soc,IBGE Estrutura_Ocupacao_COD.xls,reproducao arquivada da ponte BLS ISCO08-SOC2010
2261,29-1029,0.2,4,reparticao_uniforme_entre_soc,IBGE Estrutura_Ocupacao_COD.xls,reproducao arquivada da ponte BLS ISCO08-SOC2010
2262,29-1051,1.0,4,reparticao_uniforme_entre_soc,IBGE Estrutura_Ocupacao_COD.xls,reproducao arquivada da ponte BLS ISCO08-SOC2010
2263,21-1091,0.5,4,reparticao_uniforme_entre_soc,IBGE Estrutura_Ocupacao_COD.xls,reproducao arquivada da ponte BLS ISCO08-SOC2010
2263,29-9011,0.5,4,reparticao_uniforme_entre_soc,IBGE Estrutura_Ocupacao_COD.xls,reproducao arquivada da ponte BLS ISCO08-SOC2010
2264,29-1123,0.5,4,reparticao_uniforme_entre_soc,IBGE Estrutura_Ocupacao_COD.xls,reproducao arquivada da ponte BLS ISCO08-SOC2010
2264,29-1128,0.5,4,reparticao_uniforme_entre_soc,IBGE Estrutura_Ocupacao_COD.xls,reproducao arquivada da ponte BLS ISCO08-SOC2010
2265,29-1031,1.0,4,reparticao_uniforme_entre_soc,IBGE Estrutura_Ocupacao_COD.xls,reproducao arquivada da ponte BLS ISCO08-SOC2010
2266,29-1127,0.5,4,reparticao_uniforme_entre_soc,IBGE Estrutura_Ocupacao_COD.xls,reproducao arquivada da ponte BLS ISCO08-SOC2010
2266,29-1181,0.5,4,reparticao_uniforme_entre_soc,IBGE Estrutura_Ocupacao_COD.xls,reproducao arquivada da ponte BLS ISCO08-SOC2010
2267,29-1041,1.0,4,reparticao_uniforme_entre_soc,IBGE Estrutura_Ocupacao_COD.xls,reproducao arquivada da ponte BLS ISCO08-SOC2010
2269,29-1011,0.14285714285714285,4,reparticao_uniforme_entre_soc,IBGE Estrutura_Ocupacao_COD.xls,reproducao arquivada da ponte BLS ISCO08-SOC2010
2269,29-1081,0.14285714285714285,4,reparticao_uniforme_entre_soc,IBGE Estrutura_Ocupacao_COD.xls,reproducao arquivada da ponte BLS ISCO08-SOC2010
2269,29-1122,0.14285714285714285,4,reparticao_uniforme_entre_soc,IBGE Estrutura_Ocupacao_COD.xls,reproducao arquivada da ponte BLS ISCO08-SOC2010
2269,29-1125,0.14285714285714285,4,reparticao_uniforme_entre_soc,IBGE Estrutura_Ocupacao_COD.xls,reproducao arquivada da ponte BLS ISCO08-SOC2010
2269,29-1129,0.14285714285714285,4,reparticao_uniforme_entre_soc,IBGE Estrutura_Ocupacao_COD.xls,reproducao arquivada da ponte BLS ISCO08-SOC2010
2269,29-1199,0.14285714285714285,4,reparticao_uniforme_entre_soc,IBGE Estrutura_Ocupacao_COD.xls,reproducao arquivada da ponte BLS ISCO08-SOC2010
2269,29-9092,0.14285714285714285,4,reparticao_uniforme_entre_soc,IBGE Estrutura_Ocupacao_COD.xls,reproducao arquivada da ponte BLS ISCO08-SOC2010
2310,25-1011,0.02702702702702703,4,reparticao_uniforme_entre_soc,IBGE Estrutura_Ocupacao_COD.xls,reproducao arquivada da ponte BLS ISCO08-SOC2010
2310,25-1021,0.02702702702702703,4,reparticao_uniforme_entre_soc,IBGE Estrutura_Ocupacao_COD.xls,reproducao arquivada da ponte BLS ISCO08-SOC2010
2310,25-1022,0.02702702702702703,4,reparticao_uniforme_entre_soc,IBGE Estrutura_Ocupacao_COD.xls,reproducao arquivada da ponte BLS ISCO08-SOC2010
2310,25-1031,0.02702702702702703,4,reparticao_uniforme_entre_soc,IBGE Estrutura_Ocupacao_COD.xls,reproducao arquivada da ponte BLS ISCO08-SOC2010
2310,25-1032,0.02702702702702703,4,reparticao_uniforme_entre_soc,IBGE Estrutura_Ocupacao_COD.xls,reproducao arquivada da ponte BLS ISCO08-SOC2010
2310,25-1041,0.02702702702702703,4,reparticao_uniforme_entre_soc,IBGE Estrutura_Ocupacao_COD.xls,reproducao arquivada da ponte BLS ISCO08-SOC2010
2310,25-1042,0.02702702702702703,4,reparticao_uniforme_entre_soc,IBGE Estrutura_Ocupacao_COD.xls,reproducao arquivada da ponte BLS ISCO08-SOC2010
2310,25-1043,0.02702702702702703,4,reparticao_uniforme_entre_soc,IBGE Estrutura_Ocupacao_COD.xls,reproducao arquivada da ponte BLS ISCO08-SOC2010
2310,25-1051,0.02702702702702703,4,reparticao_uniforme_entre_soc,IBGE Estrutura_Ocupacao_COD.xls,reproducao arquivada da ponte BLS ISCO08-SOC2010
2310,25-1052,0.02702702702702703,4,reparticao_uniforme_entre_soc,IBGE Estrutura_Ocupacao_COD.xls,reproducao arquivada da ponte BLS ISCO08-SOC2010
2310,25-1053,0.02702702702702703,4,reparticao_uniforme_entre_soc,IBGE Estrutura_Ocupacao_COD.xls,reproducao arquivada da ponte BLS ISCO08-SOC2010
2310,25-1054,0.02702702702702703,4,reparticao_uniforme_entre_soc,IBGE Estrutura_Ocupacao_COD.xls,reproducao arquivada da ponte BLS ISCO08-SOC2010
2310,25-1061,0.02702702702702703,4,reparticao_uniforme_entre_soc,IBGE Estrutura_Ocupacao_COD.xls,reproducao arquivada da ponte BLS ISCO08-SOC2010
2310,25-1062,0.02702702702702703,4,reparticao_uniforme_entre_soc,IBGE Estrutura_Ocupacao_COD.xls,reproducao arquivada da ponte BLS ISCO08-SOC2010
2310,25-1063,0.02702702702702703,4,reparticao_uniforme_entre_soc,IBGE Estrutura_Ocupacao_COD.xls,reproducao arquivada da ponte BLS ISCO08-SOC2010
2310,25-1064,0.02702702702702703,4,reparticao_uniforme_entre_soc,IBGE Estrutura_Ocupacao_COD.xls,reproducao arquivada da ponte BLS ISCO08-SOC2010
2310,25-1065,0.02702702702702703,4,reparticao_uniforme_entre_soc,IBGE Estrutura_Ocupacao_COD.xls,reproducao arquivada da ponte BLS ISCO08-SOC2010
2310,25-1066,0.02702702702702703,4,reparticao_uniforme_entre_soc,IBGE Estrutura_Ocupacao_COD.xls,reproducao arquivada da ponte BLS ISCO08-SOC2010
2310,25-1067,0.02702702702702703,4,reparticao_uniforme_entre_soc,IBGE Estrutura_Ocupacao_COD.xls,reproducao arquivada da ponte BLS ISCO08-SOC2010
2310,25-1069,0.02702702702702703,4,reparticao_uniforme_entre_soc,IBGE Estrutura_Ocupacao_COD.xls,reproducao arquivada da ponte BLS ISCO08-SOC2010
2310,25-1071,0.02702702702702703,4,reparticao_uniforme_entre_soc,IBGE Estrutura_Ocupacao_COD.xls,reproducao arquivada da ponte BLS ISCO08-SOC2010
2310,25-1072,0.02702702702702703,4,reparticao_uniforme_entre_soc,IBGE Estrutura_Ocupacao_COD.xls,reproducao arquivada da ponte BLS ISCO08-SOC2010
2310,25-1081,0.02702702702702703,4,reparticao_uniforme_entre_soc,IBGE Estrutura_Ocupacao_COD.xls,reproducao arquivada da ponte BLS ISCO08-SOC2010
2310,25-1082,0.02702702702702703,4,reparticao_uniforme_entre_soc,IBGE Estrutura_Ocupacao_COD.xls,reproducao arquivada da ponte BLS ISCO08-SOC2010
2310,25-1111,0.02702702702702703,4,reparticao_uniforme_entre_soc,IBGE Estrutura_Ocupacao_COD.xls,reproducao arquivada da ponte BLS ISCO08-SOC2010
2310,25-1112,0.02702702702702703,4,reparticao_uniforme_entre_soc,IBGE Estrutura_Ocupacao_COD.xls,reproducao arquivada da ponte BLS ISCO08-SOC2010
2310,25-1113,0.02702702702702703,4,reparticao_uniforme_entre_soc,IBGE Estrutura_Ocupacao_COD.xls,reproducao arquivada da ponte BLS ISCO08-SOC2010
2310,25-1121,0.02702702702702703,4,reparticao_uniforme_entre_soc,IBGE Estrutura_Ocupacao_COD.xls,reproducao arquivada da ponte BLS ISCO08-SOC2010
2310,25-1122,0.02702702702702703,4,reparticao_uniforme_entre_soc,IBGE Estrutura_Ocupacao_COD.xls,reproducao arquivada da ponte BLS ISCO08-SOC2010
2310,25-1123,0.02702702702702703,4,reparticao_uniforme_entre_soc,IBGE Estrutura_Ocupacao_COD.xls,reproducao arquivada da ponte BLS ISCO08-SOC2010
2310,25-1124,0.02702702702702703,4,reparticao_uniforme_entre_soc,IBGE Estrutura_Ocupacao_COD.xls,reproducao arquivada da ponte BLS ISCO08-SOC2010
2310,25-1125,0.02702702702702703,4,reparticao_uniforme_entre_soc,IBGE Estrutura_Ocupacao_COD.xls,reproducao arquivada da ponte BLS ISCO08-SOC2010
2310,25-1126,0.02702702702702703,4,reparticao_uniforme_entre_soc,IBGE Estrutura_Ocupacao_COD.xls,reproducao arquivada da ponte BLS ISCO08-SOC2010
2310,25-1191,0.02702702702702703,4,reparticao_uniforme_entre_soc,IBGE Estrutura_Ocupacao_COD.xls,reproducao arquivada da ponte BLS ISCO08-SOC2010
2310,25-1192,0.02702702702702703,4,reparticao_uniforme_entre_soc,IBGE Estrutura_Ocupacao_COD.xls,reproducao arquivada da ponte BLS ISCO08-SOC2010
2310,25-1193,0.02702702702702703,4,reparticao_uniforme_entre_soc,IBGE Estrutura_Ocupacao_COD.xls,reproducao arquivada da ponte BLS ISCO08-SOC2010
2310,25-1199,0.02702702702702703,4,reparticao_uniforme_entre_soc,IBGE Estrutura_Ocupacao_COD.xls,reproducao arquivada da ponte BLS ISCO08-SOC2010
2320,25-1194,0.3333333333333333,4,reparticao_uniforme_entre_soc,IBGE Estrutura_Ocupacao_COD.xls,reproducao arquivada da ponte BLS ISCO08-SOC2010
2320,25-2023,0.3333333333333333,4,reparticao_uniforme_entre_soc,IBGE Estrutura_Ocupacao_COD.xls,reproducao arquivada da ponte BLS ISCO08-SOC2010
2320,25-2032,0.3333333333333333,4,reparticao_uniforme_entre_soc,IBGE Estrutura_Ocupacao_COD.xls,reproducao arquivada da ponte BLS ISCO08-SOC2010
2330,25-2031,1.0,4,reparticao_uniforme_entre_soc,IBGE Estrutura_Ocupacao_COD.xls,reproducao arquivada da ponte BLS ISCO08-SOC2010
2341,25-2021,0.5,4,reparticao_uniforme_entre_soc,IBGE Estrutura_Ocupacao_COD.xls,reproducao arquivada da ponte BLS ISCO08-SOC2010
2341,25-2022,0.5,4,reparticao_uniforme_entre_soc,IBGE Estrutura_Ocupacao_COD.xls,reproducao arquivada da ponte BLS ISCO08-SOC2010
2342,25-2011,0.5,4,reparticao_uniforme_entre_soc,IBGE Estrutura_Ocupacao_COD.xls,reproducao arquivada da ponte BLS ISCO08-SOC2010
2342,25-2012,0.5,4,reparticao_uniforme_entre_soc,IBGE Estrutura_Ocupacao_COD.xls,reproducao arquivada da ponte BLS ISCO08-SOC2010
2351,25-9031,1.0,4,reparticao_uniforme_entre_soc,IBGE Estrutura_Ocupacao_COD.xls,reproducao arquivada da ponte BLS ISCO08-SOC2010
2352,25-2051,0.2,4,reparticao_uniforme_entre_soc,IBGE Estrutura_Ocupacao_COD.xls,reproducao arquivada da ponte BLS ISCO08-SOC2010
2352,25-2052,0.2,4,reparticao_uniforme_entre_soc,IBGE Estrutura_Ocupacao_COD.xls,reproducao arquivada da ponte BLS ISCO08-SOC2010
2352,25-2053,0.2,4,reparticao_uniforme_entre_soc,IBGE Estrutura_Ocupacao_COD.xls,reproducao arquivada da ponte BLS ISCO08-SOC2010
2352,25-2054,0.2,4,reparticao_uniforme_entre_soc,IBGE Estrutura_Ocupacao_COD.xls,reproducao arquivada da ponte BLS ISCO08-SOC2010
2352,25-2059,0.2,4,reparticao_uniforme_entre_soc,IBGE Estrutura_Ocupacao_COD.xls,reproducao arquivada da ponte BLS ISCO08-SOC2010
2353,25-3011,0.3333333333333333,4,reparticao_uniforme_entre_soc,IBGE Estrutura_Ocupacao_COD.xls,reproducao arquivada da ponte BLS ISCO08-SOC2010
2353,25-3021,0.3333333333333333,4,reparticao_uniforme_entre_soc,IBGE Estrutura_Ocupacao_COD.xls,reproducao arquivada da ponte BLS ISCO08-SOC2010
2353,25-3099,0.3333333333333333,4,reparticao_uniforme_entre_soc,IBGE Estrutura_Ocupacao_COD.xls,reproducao arquivada da ponte BLS ISCO08-SOC2010
2354,25-3021,1.0,4,reparticao_uniforme_entre_soc,IBGE Estrutura_Ocupacao_COD.xls,reproducao arquivada da ponte BLS ISCO08-SOC2010
2355,25-3021,0.5,4,reparticao_uniforme_entre_soc,IBGE Estrutura_Ocupacao_COD.xls,reproducao arquivada da ponte BLS ISCO08-SOC2010
2355,25-3099,0.5,4,reparticao_uniforme_entre_soc,IBGE Estrutura_Ocupacao_COD.xls,reproducao arquivada da ponte BLS ISCO08-SOC2010
2356,13-1151,1.0,4,reparticao_uniforme_entre_soc,IBGE Estrutura_Ocupacao_COD.xls,reproducao arquivada da ponte BLS ISCO08-SOC2010
2359,21-1012,0.3333333333333333,4,reparticao_uniforme_entre_soc,IBGE Estrutura_Ocupacao_COD.xls,reproducao arquivada da ponte BLS ISCO08-SOC2010
2359,25-3099,0.3333333333333333,4,reparticao_uniforme_entre_soc,IBGE Estrutura_Ocupacao_COD.xls,reproducao arquivada da ponte BLS ISCO08-SOC2010
2359,25-9099,0.3333333333333333,4,reparticao_uniforme_entre_soc,IBGE Estrutura_Ocupacao_COD.xls,reproducao arquivada da ponte BLS ISCO08-SOC2010
2411,13-2011,0.3333333333333333,4,reparticao_uniforme_entre_soc,IBGE Estrutura_Ocupacao_COD.xls,reproducao arquivada da ponte BLS ISCO08-SOC2010
2411,13-2031,0.3333333333333333,4,reparticao_uniforme_entre_soc,IBGE Estrutura_Ocupacao_COD.xls,reproducao arquivada da ponte BLS ISCO08-SOC2010
2411,13-2082,0.3333333333333333,4,reparticao_uniforme_entre_soc,IBGE Estrutura_Ocupacao_COD.xls,reproducao arquivada da ponte BLS ISCO08-SOC2010
2412,13-2051,0.5,4,reparticao_uniforme_entre_soc,IBGE Estrutura_Ocupacao_COD.xls,reproducao arquivada da ponte BLS ISCO08-SOC2010
2412,13-2052,0.5,4,reparticao_uniforme_entre_soc,IBGE Estrutura_Ocupacao_COD.xls,reproducao arquivada da ponte BLS ISCO08-SOC2010
2413,13-2041,0.3333333333333333,4,reparticao_uniforme_entre_soc,IBGE Estrutura_Ocupacao_COD.xls,reproducao arquivada da ponte BLS ISCO08-SOC2010
2413,13-2051,0.3333333333333333,4,reparticao_uniforme_entre_soc,IBGE Estrutura_Ocupacao_COD.xls,reproducao arquivada da ponte BLS ISCO08-SOC2010
2413,13-2061,0.3333333333333333,4,reparticao_uniforme_entre_soc,IBGE Estrutura_Ocupacao_COD.xls,reproducao arquivada da ponte BLS ISCO08-SOC2010
2421,13-1081,0.5,4,reparticao_uniforme_entre_soc,IBGE Estrutura_Ocupacao_COD.xls,reproducao arquivada da ponte BLS ISCO08-SOC2010
2421,13-1111,0.5,4,reparticao_uniforme_entre_soc,IBGE Estrutura_Ocupacao_COD.xls,reproducao arquivada da ponte BLS ISCO08-SOC2010
2422,13-1199,1.0,4,reparticao_uniforme_entre_soc,IBGE Estrutura_Ocupacao_COD.xls,reproducao arquivada da ponte BLS ISCO08-SOC2010
2423,13-1071,0.25,4,reparticao_uniforme_entre_soc,IBGE Estrutura_Ocupacao_COD.xls,reproducao arquivada da ponte BLS ISCO08-SOC2010
2423,13-1075,0.25,4,reparticao_uniforme_entre_soc,IBGE Estrutura_Ocupacao_COD.xls,reproducao arquivada da ponte BLS ISCO08-SOC2010
2423,13-1141,0.25,4,reparticao_uniforme_entre_soc,IBGE Estrutura_Ocupacao_COD.xls,reproducao arquivada da ponte BLS ISCO08-SOC2010
2423,21-1012,0.25,4,reparticao_uniforme_entre_soc,IBGE Estrutura_Ocupacao_COD.xls,reproducao arquivada da ponte BLS ISCO08-SOC2010
2424,13-1151,1.0,4,reparticao_uniforme_entre_soc,IBGE Estrutura_Ocupacao_COD.xls,reproducao arquivada da ponte BLS ISCO08-SOC2010
2431,13-1161,0.5,4,reparticao_uniforme_entre_soc,IBGE Estrutura_Ocupacao_COD.xls,reproducao arquivada da ponte BLS ISCO08-SOC2010
2431,27-3043,0.5,4,reparticao_uniforme_entre_soc,IBGE Estrutura_Ocupacao_COD.xls,reproducao arquivada da ponte BLS ISCO08-SOC2010
2432,27-3031,1.0,4,reparticao_uniforme_entre_soc,IBGE Estrutura_Ocupacao_COD.xls,reproducao arquivada da ponte BLS ISCO08-SOC2010
2433,41-1012,0.5,4,reparticao_uniforme_entre_soc,IBGE Estrutura_Ocupacao_COD.xls,reproducao arquivada da ponte BLS ISCO08-SOC2010
2433,41-4011,0.5,4,reparticao_uniforme_entre_soc,IBGE Estrutura_Ocupacao_COD.xls,reproducao arquivada da ponte BLS ISCO08-SOC2010
2434,41-1012,0.3333333333333333,4,reparticao_uniforme_entre_soc,IBGE Estrutura_Ocupacao_COD.xls,reproducao arquivada da ponte BLS ISCO08-SOC2010
2434,41-4011,0.3333333333333333,4,reparticao_uniforme_entre_soc,IBGE Estrutura_Ocupacao_COD.xls,reproducao arquivada da ponte BLS ISCO08-SOC2010
2434,41-9031,0.3333333333333333,4,reparticao_uniforme_entre_soc,IBGE Estrutura_Ocupacao_COD.xls,reproducao arquivada da ponte BLS ISCO08-SOC2010
2511,15-1111,0.5,4,reparticao_uniforme_entre_soc,IBGE Estrutura_Ocupacao_COD.xls,reproducao arquivada da ponte BLS ISCO08-SOC2010
2511,15-1121,0.5,4,reparticao_uniforme_entre_soc,IBGE Estrutura_Ocupacao_COD.xls,reproducao arquivada da ponte BLS ISCO08-SOC2010
2512,15-1132,0.5,4,reparticao_uniforme_entre_soc,IBGE Estrutura_Ocupacao_COD.xls,reproducao arquivada da ponte BLS ISCO08-SOC2010
2512,15-1133,0.5,4,reparticao_uniforme_entre_soc,IBGE Estrutura_Ocupacao_COD.xls,reproducao arquivada da ponte BLS ISCO08-SOC2010
2513,15-1134,1.0,4,reparticao_uniforme_entre_soc,IBGE Estrutura_Ocupacao_COD.xls,reproducao arquivada da ponte BLS ISCO08-SOC2010
2514,15-1131,1.0,4,reparticao_uniforme_entre_soc,IBGE Estrutura_Ocupacao_COD.xls,reproducao arquivada da ponte BLS ISCO08-SOC2010
2519,15-1199,1.0,4,reparticao_uniforme_entre_soc,IBGE Estrutura_Ocupacao_COD.xls,reproducao arquivada da ponte BLS ISCO08-SOC2010
2521,15-1141,1.0,4,reparticao_uniforme_entre_soc,IBGE Estrutura_Ocupacao_COD.xls,reproducao arquivada da ponte BLS ISCO08-SOC2010
2522,15-1142,1.0,4,reparticao_uniforme_entre_soc,IBGE Estrutura_Ocupacao_COD.xls,reproducao arquivada da ponte BLS ISCO08-SOC2010
2523,15-1143,1.0,4,reparticao_uniforme_entre_soc,IBGE Estrutura_Ocupacao_COD.xls,reproducao arquivada da ponte BLS ISCO08-SOC2010
2529,15-1122,0.5,4,reparticao_uniforme_entre_soc,IBGE Estrutura_Ocupacao_COD.xls,reproducao arquivada da ponte BLS ISCO08-SOC2010
2529,15-1199,0.5,4,reparticao_uniforme_entre_soc,IBGE Estrutura_Ocupacao_COD.xls,reproducao arquivada da ponte BLS ISCO08-SOC2010
2611,23-1011,1.0,4,reparticao_uniforme_entre_soc,IBGE Estrutura_Ocupacao_COD.xls,reproducao arquivada da ponte BLS ISCO08-SOC2010
2612,23-1021,0.5,4,reparticao_uniforme_entre_soc,IBGE Estrutura_Ocupacao_COD.xls,reproducao arquivada da ponte BLS ISCO08-SOC2010
2612,23-1023,0.5,4,reparticao_uniforme_entre_soc,IBGE Estrutura_Ocupacao_COD.xls,reproducao arquivada da ponte BLS ISCO08-SOC2010
2619,23-1022,1.0,4,reparticao_uniforme_entre_soc,IBGE Estrutura_Ocupacao_COD.xls,reproducao arquivada da ponte BLS ISCO08-SOC2010
2621,25-4011,0.5,4,reparticao_uniforme_entre_soc,IBGE Estrutura_Ocupacao_COD.xls,reproducao arquivada da ponte BLS ISCO08-SOC2010
2621,25-4012,0.5,4,reparticao_uniforme_entre_soc,IBGE Estrutura_Ocupacao_COD.xls,reproducao arquivada da ponte BLS ISCO08-SOC2010
2622,25-4021,0.5,4,reparticao_uniforme_entre_soc,IBGE Estrutura_Ocupacao_COD.xls,reproducao arquivada da ponte BLS ISCO08-SOC2010
2622,25-9011,0.5,4,reparticao_uniforme_entre_soc,IBGE Estrutura_Ocupacao_COD.xls,reproducao arquivada da ponte BLS ISCO08-SOC2010
2631,19-3011,1.0,4,reparticao_uniforme_entre_soc,IBGE Estrutura_Ocupacao_COD.xls,reproducao arquivada da ponte BLS ISCO08-SOC2010
2632,19-3041,0.3333333333333333,4,reparticao_uniforme_entre_soc,IBGE Estrutura_Ocupacao_COD.xls,reproducao arquivada da ponte BLS ISCO08-SOC2010
2632,19-3091,0.3333333333333333,4,reparticao_uniforme_entre_soc,IBGE Estrutura_Ocupacao_COD.xls,reproducao arquivada da ponte BLS ISCO08-SOC2010
2632,19-3092,0.3333333333333333,4,reparticao_uniforme_entre_soc,IBGE Estrutura_Ocupacao_COD.xls,reproducao arquivada da ponte BLS ISCO08-SOC2010
2633,19-3093,0.3333333333333333,4,reparticao_uniforme_entre_soc,IBGE Estrutura_Ocupacao_COD.xls,reproducao arquivada da ponte BLS ISCO08-SOC2010
2633,19-3094,0.3333333333333333,4,reparticao_uniforme_entre_soc,IBGE Estrutura_Ocupacao_COD.xls,reproducao arquivada da ponte BLS ISCO08-SOC2010
2633,19-3099,0.3333333333333333,4,reparticao_uniforme_entre_soc,IBGE Estrutura_Ocupacao_COD.xls,reproducao arquivada da ponte BLS ISCO08-SOC2010
2634,19-3031,0.3333333333333333,4,reparticao_uniforme_entre_soc,IBGE Estrutura_Ocupacao_COD.xls,reproducao arquivada da ponte BLS ISCO08-SOC2010
2634,19-3032,0.3333333333333333,4,reparticao_uniforme_entre_soc,IBGE Estrutura_Ocupacao_COD.xls,reproducao arquivada da ponte BLS ISCO08-SOC2010
2634,19-3039,0.3333333333333333,4,reparticao_uniforme_entre_soc,IBGE Estrutura_Ocupacao_COD.xls,reproducao arquivada da ponte BLS ISCO08-SOC2010
2635,21-1011,0.09090909090909091,4,reparticao_uniforme_entre_soc,IBGE Estrutura_Ocupacao_COD.xls,reproducao arquivada da ponte BLS ISCO08-SOC2010
2635,21-1013,0.09090909090909091,4,reparticao_uniforme_entre_soc,IBGE Estrutura_Ocupacao_COD.xls,reproducao arquivada da ponte BLS ISCO08-SOC2010
2635,21-1014,0.09090909090909091,4,reparticao_uniforme_entre_soc,IBGE Estrutura_Ocupacao_COD.xls,reproducao arquivada da ponte BLS ISCO08-SOC2010
2635,21-1015,0.09090909090909091,4,reparticao_uniforme_entre_soc,IBGE Estrutura_Ocupacao_COD.xls,reproducao arquivada da ponte BLS ISCO08-SOC2010
2635,21-1019,0.09090909090909091,4,reparticao_uniforme_entre_soc,IBGE Estrutura_Ocupacao_COD.xls,reproducao arquivada da ponte BLS ISCO08-SOC2010
2635,21-1021,0.09090909090909091,4,reparticao_uniforme_entre_soc,IBGE Estrutura_Ocupacao_COD.xls,reproducao arquivada da ponte BLS ISCO08-SOC2010
2635,21-1022,0.09090909090909091,4,reparticao_uniforme_entre_soc,IBGE Estrutura_Ocupacao_COD.xls,reproducao arquivada da ponte BLS ISCO08-SOC2010
2635,21-1023,0.09090909090909091,4,reparticao_uniforme_entre_soc,IBGE Estrutura_Ocupacao_COD.xls,reproducao arquivada da ponte BLS ISCO08-SOC2010
2635,21-1029,0.09090909090909091,4,reparticao_uniforme_entre_soc,IBGE Estrutura_Ocupacao_COD.xls,reproducao arquivada da ponte BLS ISCO08-SOC2010
2635,21-1092,0.09090909090909091,4,reparticao_uniforme_entre_soc,IBGE Estrutura_Ocupacao_COD.xls,reproducao arquivada da ponte BLS ISCO08-SOC2010
2635,21-1099,0.09090909090909091,4,reparticao_uniforme_entre_soc,IBGE Estrutura_Ocupacao_COD.xls,reproducao arquivada da ponte BLS ISCO08-SOC2010
2636,21-2011,0.5,4,reparticao_uniforme_entre_soc,IBGE Estrutura_Ocupacao_COD.xls,reproducao arquivada da ponte BLS ISCO08-SOC2010
2636,21-2021,0.5,4,reparticao_uniforme_entre_soc,IBGE Estrutura_Ocupacao_COD.xls,reproducao arquivada da ponte BLS ISCO08-SOC2010
2641,27-3041,0.3333333333333333,4,reparticao_uniforme_entre_soc,IBGE Estrutura_Ocupacao_COD.xls,reproducao arquivada da ponte BLS ISCO08-SOC2010
2641,27-3042,0.3333333333333333,4,reparticao_uniforme_entre_soc,IBGE Estrutura_Ocupacao_COD.xls,reproducao arquivada da ponte BLS ISCO08-SOC2010
2641,27-3043,0.3333333333333333,4,reparticao_uniforme_entre_soc,IBGE Estrutura_Ocupacao_COD.xls,reproducao arquivada da ponte BLS ISCO08-SOC2010
2642,27-3022,0.5,4,reparticao_uniforme_entre_soc,IBGE Estrutura_Ocupacao_COD.xls,reproducao arquivada da ponte BLS ISCO08-SOC2010
2642,27-3041,0.5,4,reparticao_uniforme_entre_soc,IBGE Estrutura_Ocupacao_COD.xls,reproducao arquivada da ponte BLS ISCO08-SOC2010
2643,19-3099,0.5,4,reparticao_uniforme_entre_soc,IBGE Estrutura_Ocupacao_COD.xls,reproducao arquivada da ponte BLS ISCO08-SOC2010
2643,27-3091,0.5,4,reparticao_uniforme_entre_soc,IBGE Estrutura_Ocupacao_COD.xls,reproducao arquivada da ponte BLS ISCO08-SOC2010
2651,27-1012,0.5,4,reparticao_uniforme_entre_soc,IBGE Estrutura_Ocupacao_COD.xls,reproducao arquivada da ponte BLS ISCO08-SOC2010
2651,27-1013,0.5,4,reparticao_uniforme_entre_soc,IBGE Estrutura_Ocupacao_COD.xls,reproducao arquivada da ponte BLS ISCO08-SOC2010
2652,27-2041,0.5,4,reparticao_uniforme_entre_soc,IBGE Estrutura_Ocupacao_COD.xls,reproducao arquivada da ponte BLS ISCO08-SOC2010
2652,27-2042,0.5,4,reparticao_uniforme_entre_soc,IBGE Estrutura_Ocupacao_COD.xls,reproducao arquivada da ponte BLS ISCO08-SOC2010
2653,27-2031,0.5,4,reparticao_uniforme_entre_soc,IBGE Estrutura_Ocupacao_COD.xls,reproducao arquivada da ponte BLS ISCO08-SOC2010
2653,27-2032,0.5,4,reparticao_uniforme_entre_soc,IBGE Estrutura_Ocupacao_COD.xls,reproducao arquivada da ponte BLS ISCO08-SOC2010
2654,27-1011,0.3333333333333333,4,reparticao_uniforme_entre_soc,IBGE Estrutura_Ocupacao_COD.xls,reproducao arquivada da ponte BLS ISCO08-SOC2010
2654,27-2012,0.3333333333333333,4,reparticao_uniforme_entre_soc,IBGE Estrutura_Ocupacao_COD.xls,reproducao arquivada da ponte BLS ISCO08-SOC2010
2654,27-4032,0.3333333333333333,4,reparticao_uniforme_entre_soc,IBGE Estrutura_Ocupacao_COD.xls,reproducao arquivada da ponte BLS ISCO08-SOC2010
2655,27-2011,1.0,4,reparticao_uniforme_entre_soc,IBGE Estrutura_Ocupacao_COD.xls,reproducao arquivada da ponte BLS ISCO08-SOC2010
2656,27-3011,0.3333333333333333,4,reparticao_uniforme_entre_soc,IBGE Estrutura_Ocupacao_COD.xls,reproducao arquivada da ponte BLS ISCO08-SOC2010
2656,27-3012,0.3333333333333333,4,reparticao_uniforme_entre_soc,IBGE Estrutura_Ocupacao_COD.xls,reproducao arquivada da ponte BLS ISCO08-SOC2010
2656,27-3021,0.3333333333333333,4,reparticao_uniforme_entre_soc,IBGE Estrutura_Ocupacao_COD.xls,reproducao arquivada da ponte BLS ISCO08-SOC2010
2659,27-2099,1.0,4,reparticao_uniforme_entre_soc,IBGE Estrutura_Ocupacao_COD.xls,reproducao arquivada da ponte BLS ISCO08-SOC2010
3111,19-4031,0.3333333333333333,4,reparticao_uniforme_entre_soc,IBGE Estrutura_Ocupacao_COD.xls,reproducao arquivada da ponte BLS ISCO08-SOC2010
3111,19-4041,0.3333333333333333,4,reparticao_uniforme_entre_soc,IBGE Estrutura_Ocupacao_COD.xls,reproducao arquivada da ponte BLS ISCO08-SOC2010
3111,19-4099,0.3333333333333333,4,reparticao_uniforme_entre_soc,IBGE Estrutura_Ocupacao_COD.xls,reproducao arquivada da ponte BLS ISCO08-SOC2010
3112,17-3022,0.2,4,reparticao_uniforme_entre_soc,IBGE Estrutura_Ocupacao_COD.xls,reproducao arquivada da ponte BLS ISCO08-SOC2010
3112,17-3031,0.2,4,reparticao_uniforme_entre_soc,IBGE Estrutura_Ocupacao_COD.xls,reproducao arquivada da ponte BLS ISCO08-SOC2010
3112,33-1021,0.2,4,reparticao_uniforme_entre_soc,IBGE Estrutura_Ocupacao_COD.xls,reproducao arquivada da ponte BLS ISCO08-SOC2010
3112,33-2021,0.2,4,reparticao_uniforme_entre_soc,IBGE Estrutura_Ocupacao_COD.xls,reproducao arquivada da ponte BLS ISCO08-SOC2010
3112,47-4011,0.2,4,reparticao_uniforme_entre_soc,IBGE Estrutura_Ocupacao_COD.xls,reproducao arquivada da ponte BLS ISCO08-SOC2010
3113,17-3023,0.5,4,reparticao_uniforme_entre_soc,IBGE Estrutura_Ocupacao_COD.xls,reproducao arquivada da ponte BLS ISCO08-SOC2010
3113,17-3024,0.5,4,reparticao_uniforme_entre_soc,IBGE Estrutura_Ocupacao_COD.xls,reproducao arquivada da ponte BLS ISCO08-SOC2010
3114,17-3023,1.0,4,reparticao_uniforme_entre_soc,IBGE Estrutura_Ocupacao_COD.xls,reproducao arquivada da ponte BLS ISCO08-SOC2010
3115,17-3021,0.25,4,reparticao_uniforme_entre_soc,IBGE Estrutura_Ocupacao_COD.xls,reproducao arquivada da ponte BLS ISCO08-SOC2010
3115,17-3024,0.25,4,reparticao_uniforme_entre_soc,IBGE Estrutura_Ocupacao_COD.xls,reproducao arquivada da ponte BLS ISCO08-SOC2010
3115,17-3027,0.25,4,reparticao_uniforme_entre_soc,IBGE Estrutura_Ocupacao_COD.xls,reproducao arquivada da ponte BLS ISCO08-SOC2010
3115,17-3029,0.25,4,reparticao_uniforme_entre_soc,IBGE Estrutura_Ocupacao_COD.xls,reproducao arquivada da ponte BLS ISCO08-SOC2010
3116,17-3029,1.0,4,reparticao_uniforme_entre_soc,IBGE Estrutura_Ocupacao_COD.xls,reproducao arquivada da ponte BLS ISCO08-SOC2010
3117,17-3029,0.5,4,reparticao_uniforme_entre_soc,IBGE Estrutura_Ocupacao_COD.xls,reproducao arquivada da ponte BLS ISCO08-SOC2010
3117,19-4041,0.5,4,reparticao_uniforme_entre_soc,IBGE Estrutura_Ocupacao_COD.xls,reproducao arquivada da ponte BLS ISCO08-SOC2010
3118,17-3011,0.2,4,reparticao_uniforme_entre_soc,IBGE Estrutura_Ocupacao_COD.xls,reproducao arquivada da ponte BLS ISCO08-SOC2010
3118,17-3012,0.2,4,reparticao_uniforme_entre_soc,IBGE Estrutura_Ocupacao_COD.xls,reproducao arquivada da ponte BLS ISCO08-SOC2010
3118,17-3013,0.2,4,reparticao_uniforme_entre_soc,IBGE Estrutura_Ocupacao_COD.xls,reproducao arquivada da ponte BLS ISCO08-SOC2010
3118,17-3019,0.2,4,reparticao_uniforme_entre_soc,IBGE Estrutura_Ocupacao_COD.xls,reproducao arquivada da ponte BLS ISCO08-SOC2010
3118,27-1013,0.2,4,reparticao_uniforme_entre_soc,IBGE Estrutura_Ocupacao_COD.xls,reproducao arquivada da ponte BLS ISCO08-SOC2010
3119,17-3025,0.1,4,reparticao_uniforme_entre_soc,IBGE Estrutura_Ocupacao_COD.xls,reproducao arquivada da ponte BLS ISCO08-SOC2010
3119,17-3026,0.1,4,reparticao_uniforme_entre_soc,IBGE Estrutura_Ocupacao_COD.xls,reproducao arquivada da ponte BLS ISCO08-SOC2010
3119,17-3029,0.1,4,reparticao_uniforme_entre_soc,IBGE Estrutura_Ocupacao_COD.xls,reproducao arquivada da ponte BLS ISCO08-SOC2010
3119,19-4051,0.1,4,reparticao_uniforme_entre_soc,IBGE Estrutura_Ocupacao_COD.xls,reproducao arquivada da ponte BLS ISCO08-SOC2010
3119,19-4092,0.1,4,reparticao_uniforme_entre_soc,IBGE Estrutura_Ocupacao_COD.xls,reproducao arquivada da ponte BLS ISCO08-SOC2010
3119,19-4099,0.1,4,reparticao_uniforme_entre_soc,IBGE Estrutura_Ocupacao_COD.xls,reproducao arquivada da ponte BLS ISCO08-SOC2010
3119,33-1021,0.1,4,reparticao_uniforme_entre_soc,IBGE Estrutura_Ocupacao_COD.xls,reproducao arquivada da ponte BLS ISCO08-SOC2010
3119,33-2021,0.1,4,reparticao_uniforme_entre_soc,IBGE Estrutura_Ocupacao_COD.xls,reproducao arquivada da ponte BLS ISCO08-SOC2010
3119,33-2022,0.1,4,reparticao_uniforme_entre_soc,IBGE Estrutura_Ocupacao_COD.xls,reproducao arquivada da ponte BLS ISCO08-SOC2010
3119,53-6041,0.1,4,reparticao_uniforme_entre_soc,IBGE Estrutura_Ocupacao_COD.xls,reproducao arquivada da ponte BLS ISCO08-SOC2010
3121,47-1011,1.0,4,reparticao_uniforme_entre_soc,IBGE Estrutura_Ocupacao_COD.xls,reproducao arquivada da ponte BLS ISCO08-SOC2010
3122,51-1011,1.0,4,reparticao_uniforme_entre_soc,IBGE Estrutura_Ocupacao_COD.xls,reproducao arquivada da ponte BLS ISCO08-SOC2010
3123,47-1011,1.0,4,reparticao_uniforme_entre_soc,IBGE Estrutura_Ocupacao_COD.xls,reproducao arquivada da ponte BLS ISCO08-SOC2010
3131,51-1011,0.25,4,reparticao_uniforme_entre_soc,IBGE Estrutura_Ocupacao_COD.xls,reproducao arquivada da ponte BLS ISCO08-SOC2010
3131,51-8011,0.25,4,reparticao_uniforme_entre_soc,IBGE Estrutura_Ocupacao_COD.xls,reproducao arquivada da ponte BLS ISCO08-SOC2010
3131,51-8012,0.25,4,reparticao_uniforme_entre_soc,IBGE Estrutura_Ocupacao_COD.xls,reproducao arquivada da ponte BLS ISCO08-SOC2010
3131,51-8013,0.25,4,reparticao_uniforme_entre_soc,IBGE Estrutura_Ocupacao_COD.xls,reproducao arquivada da ponte BLS ISCO08-SOC2010
3132,51-1011,0.25,4,reparticao_uniforme_entre_soc,IBGE Estrutura_Ocupacao_COD.xls,reproducao arquivada da ponte BLS ISCO08-SOC2010
3132,51-8031,0.25,4,reparticao_uniforme_entre_soc,IBGE Estrutura_Ocupacao_COD.xls,reproducao arquivada da ponte BLS ISCO08-SOC2010
3132,51-8099,0.25,4,reparticao_uniforme_entre_soc,IBGE Estrutura_Ocupacao_COD.xls,reproducao arquivada da ponte BLS ISCO08-SOC2010
3132,53-7072,0.25,4,reparticao_uniforme_entre_soc,IBGE Estrutura_Ocupacao_COD.xls,reproducao arquivada da ponte BLS ISCO08-SOC2010
3133,51-8091,1.0,4,reparticao_uniforme_entre_soc,IBGE Estrutura_Ocupacao_COD.xls,reproducao arquivada da ponte BLS ISCO08-SOC2010
3134,51-8092,0.25,4,reparticao_uniforme_entre_soc,IBGE Estrutura_Ocupacao_COD.xls,reproducao arquivada da ponte BLS ISCO08-SOC2010
3134,51-8093,0.25,4,reparticao_uniforme_entre_soc,IBGE Estrutura_Ocupacao_COD.xls,reproducao arquivada da ponte BLS ISCO08-SOC2010
3134,53-7071,0.25,4,reparticao_uniforme_entre_soc,IBGE Estrutura_Ocupacao_COD.xls,reproducao arquivada da ponte BLS ISCO08-SOC2010
3134,53-7072,0.25,4,reparticao_uniforme_entre_soc,IBGE Estrutura_Ocupacao_COD.xls,reproducao arquivada da ponte BLS ISCO08-SOC2010
3135,51-4051,1.0,4,reparticao_uniforme_entre_soc,IBGE Estrutura_Ocupacao_COD.xls,reproducao arquivada da ponte BLS ISCO08-SOC2010
3139,51-4012,1.0,4,reparticao_uniforme_entre_soc,IBGE Estrutura_Ocupacao_COD.xls,reproducao arquivada da ponte BLS ISCO08-SOC2010
3141,19-4021,0.5,4,reparticao_uniforme_entre_soc,IBGE Estrutura_Ocupacao_COD.xls,reproducao arquivada da ponte BLS ISCO08-SOC2010
3141,19-4091,0.5,4,reparticao_uniforme_entre_soc,IBGE Estrutura_Ocupacao_COD.xls,reproducao arquivada da ponte BLS ISCO08-SOC2010
3142,19-4011,1.0,4,reparticao_uniforme_entre_soc,IBGE Estrutura_Ocupacao_COD.xls,reproducao arquivada da ponte BLS ISCO08-SOC2010
3143,19-4093,1.0,4,reparticao_uniforme_entre_soc,IBGE Estrutura_Ocupacao_COD.xls,reproducao arquivada da ponte BLS ISCO08-SOC2010
3151,53-1031,0.3333333333333333,4,reparticao_uniforme_entre_soc,IBGE Estrutura_Ocupacao_COD.xls,reproducao arquivada da ponte BLS ISCO08-SOC2010
3151,53-5031,0.3333333333333333,4,reparticao_uniforme_entre_soc,IBGE Estrutura_Ocupacao_COD.xls,reproducao arquivada da ponte BLS ISCO08-SOC2010
3151,53-2022,0.3333333333333333,4,reparticao_uniforme_entre_soc,IBGE Estrutura_Ocupacao_COD.xls,reproducao arquivada da ponte BLS ISCO08-SOC2010
3152,53-1031,0.3333333333333333,4,reparticao_uniforme_entre_soc,IBGE Estrutura_Ocupacao_COD.xls,reproducao arquivada da ponte BLS ISCO08-SOC2010
3152,53-5021,0.3333333333333333,4,reparticao_uniforme_entre_soc,IBGE Estrutura_Ocupacao_COD.xls,reproducao arquivada da ponte BLS ISCO08-SOC2010
3152,53-2022,0.3333333333333333,4,reparticao_uniforme_entre_soc,IBGE Estrutura_Ocupacao_COD.xls,reproducao arquivada da ponte BLS ISCO08-SOC2010
3153,53-1031,0.25,4,reparticao_uniforme_entre_soc,IBGE Estrutura_Ocupacao_COD.xls,reproducao arquivada da ponte BLS ISCO08-SOC2010
3153,53-2011,0.25,4,reparticao_uniforme_entre_soc,IBGE Estrutura_Ocupacao_COD.xls,reproducao arquivada da ponte BLS ISCO08-SOC2010
3153,53-2012,0.25,4,reparticao_uniforme_entre_soc,IBGE Estrutura_Ocupacao_COD.xls,reproducao arquivada da ponte BLS ISCO08-SOC2010
3153,53-2022,0.25,4,reparticao_uniforme_entre_soc,IBGE Estrutura_Ocupacao_COD.xls,reproducao arquivada da ponte BLS ISCO08-SOC2010
3154,53-1031,0.3333333333333333,4,reparticao_uniforme_entre_soc,IBGE Estrutura_Ocupacao_COD.xls,reproducao arquivada da ponte BLS ISCO08-SOC2010
3154,53-2021,0.3333333333333333,4,reparticao_uniforme_entre_soc,IBGE Estrutura_Ocupacao_COD.xls,reproducao arquivada da ponte BLS ISCO08-SOC2010
3154,53-2022,0.3333333333333333,4,reparticao_uniforme_entre_soc,IBGE Estrutura_Ocupacao_COD.xls,reproducao arquivada da ponte BLS ISCO08-SOC2010
3155,17-3023,0.5,4,reparticao_uniforme_entre_soc,IBGE Estrutura_Ocupacao_COD.xls,reproducao arquivada da ponte BLS ISCO08-SOC2010
3155,53-2022,0.5,4,reparticao_uniforme_entre_soc,IBGE Estrutura_Ocupacao_COD.xls,reproducao arquivada da ponte BLS ISCO08-SOC2010
3211,29-1124,0.2,4,reparticao_uniforme_entre_soc,IBGE Estrutura_Ocupacao_COD.xls,reproducao arquivada da ponte BLS ISCO08-SOC2010
3211,29-2032,0.2,4,reparticao_uniforme_entre_soc,IBGE Estrutura_Ocupacao_COD.xls,reproducao arquivada da ponte BLS ISCO08-SOC2010
3211,29-2033,0.2,4,reparticao_uniforme_entre_soc,IBGE Estrutura_Ocupacao_COD.xls,reproducao arquivada da ponte BLS ISCO08-SOC2010
3211,29-2034,0.2,4,reparticao_uniforme_entre_soc,IBGE Estrutura_Ocupacao_COD.xls,reproducao arquivada da ponte BLS ISCO08-SOC2010
3211,29-2035,0.2,4,reparticao_uniforme_entre_soc,IBGE Estrutura_Ocupacao_COD.xls,reproducao arquivada da ponte BLS ISCO08-SOC2010
3212,29-2011,0.5,4,reparticao_uniforme_entre_soc,IBGE Estrutura_Ocupacao_COD.xls,reproducao arquivada da ponte BLS ISCO08-SOC2010
3212,29-2012,0.5,4,reparticao_uniforme_entre_soc,IBGE Estrutura_Ocupacao_COD.xls,reproducao arquivada da ponte BLS ISCO08-SOC2010
3213,29-2052,1.0,4,reparticao_uniforme_entre_soc,IBGE Estrutura_Ocupacao_COD.xls,reproducao arquivada da ponte BLS ISCO08-SOC2010
3214,29-2091,0.25,4,reparticao_uniforme_entre_soc,IBGE Estrutura_Ocupacao_COD.xls,reproducao arquivada da ponte BLS ISCO08-SOC2010
3214,29-2092,0.25,4,reparticao_uniforme_entre_soc,IBGE Estrutura_Ocupacao_COD.xls,reproducao arquivada da ponte BLS ISCO08-SOC2010
3214,51-9081,0.25,4,reparticao_uniforme_entre_soc,IBGE Estrutura_Ocupacao_COD.xls,reproducao arquivada da ponte BLS ISCO08-SOC2010
3214,51-9082,0.25,4,reparticao_uniforme_entre_soc,IBGE Estrutura_Ocupacao_COD.xls,reproducao arquivada da ponte BLS ISCO08-SOC2010
3221,29-2061,1.0,4,reparticao_uniforme_entre_soc,IBGE Estrutura_Ocupacao_COD.xls,reproducao arquivada da ponte BLS ISCO08-SOC2010
3222,29-9099,1.0,4,reparticao_uniforme_entre_soc,IBGE Estrutura_Ocupacao_COD.xls,reproducao arquivada da ponte BLS ISCO08-SOC2010
3230,29-9099,1.0,4,reparticao_uniforme_entre_soc,IBGE Estrutura_Ocupacao_COD.xls,reproducao arquivada da ponte BLS ISCO08-SOC2010
3240,29-2056,0.5,4,reparticao_uniforme_entre_soc,IBGE Estrutura_Ocupacao_COD.xls,reproducao arquivada da ponte BLS ISCO08-SOC2010
3240,31-9096,0.5,4,reparticao_uniforme_entre_soc,IBGE Estrutura_Ocupacao_COD.xls,reproducao arquivada da ponte BLS ISCO08-SOC2010
3251,29-2021,0.5,4,reparticao_uniforme_entre_soc,IBGE Estrutura_Ocupacao_COD.xls,reproducao arquivada da ponte BLS ISCO08-SOC2010
3251,31-9091,0.5,4,reparticao_uniforme_entre_soc,IBGE Estrutura_Ocupacao_COD.xls,reproducao arquivada da ponte BLS ISCO08-SOC2010
3252,29-2071,1.0,4,reparticao_uniforme_entre_soc,IBGE Estrutura_Ocupacao_COD.xls,reproducao arquivada da ponte BLS ISCO08-SOC2010
3253,21-1094,1.0,4,reparticao_uniforme_entre_soc,IBGE Estrutura_Ocupacao_COD.xls,reproducao arquivada da ponte BLS ISCO08-SOC2010
3254,29-2081,1.0,4,reparticao_uniforme_entre_soc,IBGE Estrutura_Ocupacao_COD.xls,reproducao arquivada da ponte BLS ISCO08-SOC2010
3255,29-1199,0.3333333333333333,4,reparticao_uniforme_entre_soc,IBGE Estrutura_Ocupacao_COD.xls,reproducao arquivada da ponte BLS ISCO08-SOC2010
3255,31-2021,0.3333333333333333,4,reparticao_uniforme_entre_soc,IBGE Estrutura_Ocupacao_COD.xls,reproducao arquivada da ponte BLS ISCO08-SOC2010
3255,31-9011,0.3333333333333333,4,reparticao_uniforme_entre_soc,IBGE Estrutura_Ocupacao_COD.xls,reproducao arquivada da ponte BLS ISCO08-SOC2010
3256,29-2057,0.5,4,reparticao_uniforme_entre_soc,IBGE Estrutura_Ocupacao_COD.xls,reproducao arquivada da ponte BLS ISCO08-SOC2010
3256,31-9092,0.5,4,reparticao_uniforme_entre_soc,IBGE Estrutura_Ocupacao_COD.xls,reproducao arquivada da ponte BLS ISCO08-SOC2010
3257,29-9012,0.25,4,reparticao_uniforme_entre_soc,IBGE Estrutura_Ocupacao_COD.xls,reproducao arquivada da ponte BLS ISCO08-SOC2010
3257,45-2011,0.25,4,reparticao_uniforme_entre_soc,IBGE Estrutura_Ocupacao_COD.xls,reproducao arquivada da ponte BLS ISCO08-SOC2010
3257,53-1031,0.25,4,reparticao_uniforme_entre_soc,IBGE Estrutura_Ocupacao_COD.xls,reproducao arquivada da ponte BLS ISCO08-SOC2010
3257,53-6051,0.25,4,reparticao_uniforme_entre_soc,IBGE Estrutura_Ocupacao_COD.xls,reproducao arquivada da ponte BLS ISCO08-SOC2010
3258,29-2041,1.0,4,reparticao_uniforme_entre_soc,IBGE Estrutura_Ocupacao_COD.xls,reproducao arquivada da ponte BLS ISCO08-SOC2010
3259,29-1126,0.1,4,reparticao_uniforme_entre_soc,IBGE Estrutura_Ocupacao_COD.xls,reproducao arquivada da ponte BLS ISCO08-SOC2010
3259,29-2031,0.1,4,reparticao_uniforme_entre_soc,IBGE Estrutura_Ocupacao_COD.xls,reproducao arquivada da ponte BLS ISCO08-SOC2010
3259,29-2051,0.1,4,reparticao_uniforme_entre_soc,IBGE Estrutura_Ocupacao_COD.xls,reproducao arquivada da ponte BLS ISCO08-SOC2010
3259,29-2053,0.1,4,reparticao_uniforme_entre_soc,IBGE Estrutura_Ocupacao_COD.xls,reproducao arquivada da ponte BLS ISCO08-SOC2010
3259,29-2054,0.1,4,reparticao_uniforme_entre_soc,IBGE Estrutura_Ocupacao_COD.xls,reproducao arquivada da ponte BLS ISCO08-SOC2010
3259,29-2055,0.1,4,reparticao_uniforme_entre_soc,IBGE Estrutura_Ocupacao_COD.xls,reproducao arquivada da ponte BLS ISCO08-SOC2010
3259,29-2099,0.1,4,reparticao_uniforme_entre_soc,IBGE Estrutura_Ocupacao_COD.xls,reproducao arquivada da ponte BLS ISCO08-SOC2010
3259,29-9099,0.1,4,reparticao_uniforme_entre_soc,IBGE Estrutura_Ocupacao_COD.xls,reproducao arquivada da ponte BLS ISCO08-SOC2010
3259,31-2011,0.1,4,reparticao_uniforme_entre_soc,IBGE Estrutura_Ocupacao_COD.xls,reproducao arquivada da ponte BLS ISCO08-SOC2010
3259,31-9099,0.1,4,reparticao_uniforme_entre_soc,IBGE Estrutura_Ocupacao_COD.xls,reproducao arquivada da ponte BLS ISCO08-SOC2010
3311,41-1012,0.5,4,reparticao_uniforme_entre_soc,IBGE Estrutura_Ocupacao_COD.xls,reproducao arquivada da ponte BLS ISCO08-SOC2010
3311,41-3031,0.5,4,reparticao_uniforme_entre_soc,IBGE Estrutura_Ocupacao_COD.xls,reproducao arquivada da ponte BLS ISCO08-SOC2010
3312,13-2071,0.5,4,reparticao_uniforme_entre_soc,IBGE Estrutura_Ocupacao_COD.xls,reproducao arquivada da ponte BLS ISCO08-SOC2010
3312,13-2072,0.5,4,reparticao_uniforme_entre_soc,IBGE Estrutura_Ocupacao_COD.xls,reproducao arquivada da ponte BLS ISCO08-SOC2010
3313,43-3031,1.0,4,reparticao_uniforme_entre_soc,IBGE Estrutura_Ocupacao_COD.xls,reproducao arquivada da ponte BLS ISCO08-SOC2010
3314,15-2091,0.25,4,reparticao_uniforme_entre_soc,IBGE Estrutura_Ocupacao_COD.xls,reproducao arquivada da ponte BLS ISCO08-SOC2010
3314,15-2099,0.25,4,reparticao_uniforme_entre_soc,IBGE Estrutura_Ocupacao_COD.xls,reproducao arquivada da ponte BLS ISCO08-SOC2010
3314,19-4061,0.25,4,reparticao_uniforme_entre_soc,IBGE Estrutura_Ocupacao_COD.xls,reproducao arquivada da ponte BLS ISCO08-SOC2010
3314,43-9111,0.25,4,reparticao_uniforme_entre_soc,IBGE Estrutura_Ocupacao_COD.xls,reproducao arquivada da ponte BLS ISCO08-SOC2010
3315,13-1031,0.3333333333333333,4,reparticao_uniforme_entre_soc,IBGE Estrutura_Ocupacao_COD.xls,reproducao arquivada da ponte BLS ISCO08-SOC2010
3315,13-1032,0.3333333333333333,4,reparticao_uniforme_entre_soc,IBGE Estrutura_Ocupacao_COD.xls,reproducao arquivada da ponte BLS ISCO08-SOC2010
3315,13-2021,0.3333333333333333,4,reparticao_uniforme_entre_soc,IBGE Estrutura_Ocupacao_COD.xls,reproducao arquivada da ponte BLS ISCO08-SOC2010
3321,13-2053,0.3333333333333333,4,reparticao_uniforme_entre_soc,IBGE Estrutura_Ocupacao_COD.xls,reproducao arquivada da ponte BLS ISCO08-SOC2010
3321,41-1012,0.3333333333333333,4,reparticao_uniforme_entre_soc,IBGE Estrutura_Ocupacao_COD.xls,reproducao arquivada da ponte BLS ISCO08-SOC2010
3321,41-3021,0.3333333333333333,4,reparticao_uniforme_entre_soc,IBGE Estrutura_Ocupacao_COD.xls,reproducao arquivada da ponte BLS ISCO08-SOC2010
3322,41-1012,0.25,4,reparticao_uniforme_entre_soc,IBGE Estrutura_Ocupacao_COD.xls,reproducao arquivada da ponte BLS ISCO08-SOC2010
3322,41-3099,0.25,4,reparticao_uniforme_entre_soc,IBGE Estrutura_Ocupacao_COD.xls,reproducao arquivada da ponte BLS ISCO08-SOC2010
3322,41-4011,0.25,4,reparticao_uniforme_entre_soc,IBGE Estrutura_Ocupacao_COD.xls,reproducao arquivada da ponte BLS ISCO08-SOC2010
3322,41-4012,0.25,4,reparticao_uniforme_entre_soc,IBGE Estrutura_Ocupacao_COD.xls,reproducao arquivada da ponte BLS ISCO08-SOC2010
3323,13-1021,0.3333333333333333,4,reparticao_uniforme_entre_soc,IBGE Estrutura_Ocupacao_COD.xls,reproducao arquivada da ponte BLS ISCO08-SOC2010
3323,13-1022,0.3333333333333333,4,reparticao_uniforme_entre_soc,IBGE Estrutura_Ocupacao_COD.xls,reproducao arquivada da ponte BLS ISCO08-SOC2010
3323,13-1023,0.3333333333333333,4,reparticao_uniforme_entre_soc,IBGE Estrutura_Ocupacao_COD.xls,reproducao arquivada da ponte BLS ISCO08-SOC2010
3324,41-1012,0.3333333333333333,4,reparticao_uniforme_entre_soc,IBGE Estrutura_Ocupacao_COD.xls,reproducao arquivada da ponte BLS ISCO08-SOC2010
3324,41-3031,0.3333333333333333,4,reparticao_uniforme_entre_soc,IBGE Estrutura_Ocupacao_COD.xls,reproducao arquivada da ponte BLS ISCO08-SOC2010
3324,43-5011,0.3333333333333333,4,reparticao_uniforme_entre_soc,IBGE Estrutura_Ocupacao_COD.xls,reproducao arquivada da ponte BLS ISCO08-SOC2010
3331,43-5011,0.5,4,reparticao_uniforme_entre_soc,IBGE Estrutura_Ocupacao_COD.xls,reproducao arquivada da ponte BLS ISCO08-SOC2010
3331,43-5071,0.5,4,reparticao_uniforme_entre_soc,IBGE Estrutura_Ocupacao_COD.xls,reproducao arquivada da ponte BLS ISCO08-SOC2010
3332,13-1121,1.0,4,reparticao_uniforme_entre_soc,IBGE Estrutura_Ocupacao_COD.xls,reproducao arquivada da ponte BLS ISCO08-SOC2010
3333,13-1071,0.5,4,reparticao_uniforme_entre_soc,IBGE Estrutura_Ocupacao_COD.xls,reproducao arquivada da ponte BLS ISCO08-SOC2010
3333,13-1074,0.5,4,reparticao_uniforme_entre_soc,IBGE Estrutura_Ocupacao_COD.xls,reproducao arquivada da ponte BLS ISCO08-SOC2010
3334,11-9141,0.25,4,reparticao_uniforme_entre_soc,IBGE Estrutura_Ocupacao_COD.xls,reproducao arquivada da ponte BLS ISCO08-SOC2010
3334,41-1012,0.25,4,reparticao_uniforme_entre_soc,IBGE Estrutura_Ocupacao_COD.xls,reproducao arquivada da ponte BLS ISCO08-SOC2010
3334,41-9021,0.25,4,reparticao_uniforme_entre_soc,IBGE Estrutura_Ocupacao_COD.xls,reproducao arquivada da ponte BLS ISCO08-SOC2010
3334,41-9022,0.25,4,reparticao_uniforme_entre_soc,IBGE Estrutura_Ocupacao_COD.xls,reproducao arquivada da ponte BLS ISCO08-SOC2010
3339,13-1011,0.125,4,reparticao_uniforme_entre_soc,IBGE Estrutura_Ocupacao_COD.xls,reproducao arquivada da ponte BLS ISCO08-SOC2010
3339,13-1051,0.125,4,reparticao_uniforme_entre_soc,IBGE Estrutura_Ocupacao_COD.xls,reproducao arquivada da ponte BLS ISCO08-SOC2010
3339,13-1199,0.125,4,reparticao_uniforme_entre_soc,IBGE Estrutura_Ocupacao_COD.xls,reproducao arquivada da ponte BLS ISCO08-SOC2010
3339,13-2099,0.125,4,reparticao_uniforme_entre_soc,IBGE Estrutura_Ocupacao_COD.xls,reproducao arquivada da ponte BLS ISCO08-SOC2010
3339,41-1012,0.125,4,reparticao_uniforme_entre_soc,IBGE Estrutura_Ocupacao_COD.xls,reproducao arquivada da ponte BLS ISCO08-SOC2010
3339,41-3011,0.125,4,reparticao_uniforme_entre_soc,IBGE Estrutura_Ocupacao_COD.xls,reproducao arquivada da ponte BLS ISCO08-SOC2010
3339,41-3041,0.125,4,reparticao_uniforme_entre_soc,IBGE Estrutura_Ocupacao_COD.xls,reproducao arquivada da ponte BLS ISCO08-SOC2010
3339,41-9099,0.125,4,reparticao_uniforme_entre_soc,IBGE Estrutura_Ocupacao_COD.xls,reproducao arquivada da ponte BLS ISCO08-SOC2010
3341,43-1011,1.0,4,reparticao_uniforme_entre_soc,IBGE Estrutura_Ocupacao_COD.xls,reproducao arquivada da ponte BLS ISCO08-SOC2010
3342,43-6012,1.0,4,reparticao_uniforme_entre_soc,IBGE Estrutura_Ocupacao_COD.xls,reproducao arquivada da ponte BLS ISCO08-SOC2010
3343,23-2091,0.5,4,reparticao_uniforme_entre_soc,IBGE Estrutura_Ocupacao_COD.xls,reproducao arquivada da ponte BLS ISCO08-SOC2010
3343,43-6011,0.5,4,reparticao_uniforme_entre_soc,IBGE Estrutura_Ocupacao_COD.xls,reproducao arquivada da ponte BLS ISCO08-SOC2010
3344,31-9094,0.5,4,reparticao_uniforme_entre_soc,IBGE Estrutura_Ocupacao_COD.xls,reproducao arquivada da ponte BLS ISCO08-SOC2010
3344,43-6013,0.5,4,reparticao_uniforme_entre_soc,IBGE Estrutura_Ocupacao_COD.xls,reproducao arquivada da ponte BLS ISCO08-SOC2010
3351,13-1041,0.3333333333333333,4,reparticao_uniforme_entre_soc,IBGE Estrutura_Ocupacao_COD.xls,reproducao arquivada da ponte BLS ISCO08-SOC2010
3351,33-1012,0.3333333333333333,4,reparticao_uniforme_entre_soc,IBGE Estrutura_Ocupacao_COD.xls,reproducao arquivada da ponte BLS ISCO08-SOC2010
3351,33-3051,0.3333333333333333,4,reparticao_uniforme_entre_soc,IBGE Estrutura_Ocupacao_COD.xls,reproducao arquivada da ponte BLS ISCO08-SOC2010
3352,13-2081,1.0,4,reparticao_uniforme_entre_soc,IBGE Estrutura_Ocupacao_COD.xls,reproducao arquivada da ponte BLS ISCO08-SOC2010
3353,13-1041,0.5,4,reparticao_uniforme_entre_soc,IBGE Estrutura_Ocupacao_COD.xls,reproducao arquivada da ponte BLS ISCO08-SOC2010
3353,43-4061,0.5,4,reparticao_uniforme_entre_soc,IBGE Estrutura_Ocupacao_COD.xls,reproducao arquivada da ponte BLS ISCO08-SOC2010
3354,13-1041,0.5,4,reparticao_uniforme_entre_soc,IBGE Estrutura_Ocupacao_COD.xls,reproducao arquivada da ponte BLS ISCO08-SOC2010
3354,43-4031,0.5,4,reparticao_uniforme_entre_soc,IBGE Estrutura_Ocupacao_COD.xls,reproducao arquivada da ponte BLS ISCO08-SOC2010
3355,33-1012,0.5,4,reparticao_uniforme_entre_soc,IBGE Estrutura_Ocupacao_COD.xls,reproducao arquivada da ponte BLS ISCO08-SOC2010
3355,33-3021,0.5,4,reparticao_uniforme_entre_soc,IBGE Estrutura_Ocupacao_COD.xls,reproducao arquivada da ponte BLS ISCO08-SOC2010
3359,45-2011,1.0,4,reparticao_uniforme_entre_soc,IBGE Estrutura_Ocupacao_COD.xls,reproducao arquivada da ponte BLS ISCO08-SOC2010
3411,23-1012,0.14285714285714285,4,reparticao_uniforme_entre_soc,IBGE Estrutura_Ocupacao_COD.xls,reproducao arquivada da ponte BLS ISCO08-SOC2010
3411,23-2011,0.14285714285714285,4,reparticao_uniforme_entre_soc,IBGE Estrutura_Ocupacao_COD.xls,reproducao arquivada da ponte BLS ISCO08-SOC2010
3411,23-2093,0.14285714285714285,4,reparticao_uniforme_entre_soc,IBGE Estrutura_Ocupacao_COD.xls,reproducao arquivada da ponte BLS ISCO08-SOC2010
3411,23-2099,0.14285714285714285,4,reparticao_uniforme_entre_soc,IBGE Estrutura_Ocupacao_COD.xls,reproducao arquivada da ponte BLS ISCO08-SOC2010
3411,33-3011,0.14285714285714285,4,reparticao_uniforme_entre_soc,IBGE Estrutura_Ocupacao_COD.xls,reproducao arquivada da ponte BLS ISCO08-SOC2010
3411,33-9021,0.14285714285714285,4,reparticao_uniforme_entre_soc,IBGE Estrutura_Ocupacao_COD.xls,reproducao arquivada da ponte BLS ISCO08-SOC2010
3411,33-9031,0.14285714285714285,4,reparticao_uniforme_entre_soc,IBGE Estrutura_Ocupacao_COD.xls,reproducao arquivada da ponte BLS ISCO08-SOC2010
3412,21-1093,1.0,4,reparticao_uniforme_entre_soc,IBGE Estrutura_Ocupacao_COD.xls,reproducao arquivada da ponte BLS ISCO08-SOC2010
3413,21-2099,1.0,4,reparticao_uniforme_entre_soc,IBGE Estrutura_Ocupacao_COD.xls,reproducao arquivada da ponte BLS ISCO08-SOC2010
3421,27-2021,1.0,4,reparticao_uniforme_entre_soc,IBGE Estrutura_Ocupacao_COD.xls,reproducao arquivada da ponte BLS ISCO08-SOC2010
3422,25-3021,0.3333333333333333,4,reparticao_uniforme_entre_soc,IBGE Estrutura_Ocupacao_COD.xls,reproducao arquivada da ponte BLS ISCO08-SOC2010
3422,27-2022,0.3333333333333333,4,reparticao_uniforme_entre_soc,IBGE Estrutura_Ocupacao_COD.xls,reproducao arquivada da ponte BLS ISCO08-SOC2010
3422,27-2023,0.3333333333333333,4,reparticao_uniforme_entre_soc,IBGE Estrutura_Ocupacao_COD.xls,reproducao arquivada da ponte BLS ISCO08-SOC2010
3423,25-3021,0.25,4,reparticao_uniforme_entre_soc,IBGE Estrutura_Ocupacao_COD.xls,reproducao arquivada da ponte BLS ISCO08-SOC2010
3423,29-9091,0.25,4,reparticao_uniforme_entre_soc,IBGE Estrutura_Ocupacao_COD.xls,reproducao arquivada da ponte BLS ISCO08-SOC2010
3423,39-1021,0.25,4,reparticao_uniforme_entre_soc,IBGE Estrutura_Ocupacao_COD.xls,reproducao arquivada da ponte BLS ISCO08-SOC2010
3423,39-9031,0.25,4,reparticao_uniforme_entre_soc,IBGE Estrutura_Ocupacao_COD.xls,reproducao arquivada da ponte BLS ISCO08-SOC2010
3431,27-4021,1.0,4,reparticao_uniforme_entre_soc,IBGE Estrutura_Ocupacao_COD.xls,reproducao arquivada da ponte BLS ISCO08-SOC2010
3432,27-1025,0.3333333333333333,4,reparticao_uniforme_entre_soc,IBGE Estrutura_Ocupacao_COD.xls,reproducao arquivada da ponte BLS ISCO08-SOC2010
3432,27-1026,0.3333333333333333,4,reparticao_uniforme_entre_soc,IBGE Estrutura_Ocupacao_COD.xls,reproducao arquivada da ponte BLS ISCO08-SOC2010
3432,27-1027,0.3333333333333333,4,reparticao_uniforme_entre_soc,IBGE Estrutura_Ocupacao_COD.xls,reproducao arquivada da ponte BLS ISCO08-SOC2010
3433,25-4013,0.3333333333333333,4,reparticao_uniforme_entre_soc,IBGE Estrutura_Ocupacao_COD.xls,reproducao arquivada da ponte BLS ISCO08-SOC2010
3433,25-4031,0.3333333333333333,4,reparticao_uniforme_entre_soc,IBGE Estrutura_Ocupacao_COD.xls,reproducao arquivada da ponte BLS ISCO08-SOC2010
3433,27-1012,0.3333333333333333,4,reparticao_uniforme_entre_soc,IBGE Estrutura_Ocupacao_COD.xls,reproducao arquivada da ponte BLS ISCO08-SOC2010
3434,35-1011,0.5,4,reparticao_uniforme_entre_soc,IBGE Estrutura_Ocupacao_COD.xls,reproducao arquivada da ponte BLS ISCO08-SOC2010
3434,35-1012,0.5,4,reparticao_uniforme_entre_soc,IBGE Estrutura_Ocupacao_COD.xls,reproducao arquivada da ponte BLS ISCO08-SOC2010
3435,27-1019,0.16666666666666666,4,reparticao_uniforme_entre_soc,IBGE Estrutura_Ocupacao_COD.xls,reproducao arquivada da ponte BLS ISCO08-SOC2010
3435,27-2099,0.16666666666666666,4,reparticao_uniforme_entre_soc,IBGE Estrutura_Ocupacao_COD.xls,reproducao arquivada da ponte BLS ISCO08-SOC2010
3435,27-3099,0.16666666666666666,4,reparticao_uniforme_entre_soc,IBGE Estrutura_Ocupacao_COD.xls,reproducao arquivada da ponte BLS ISCO08-SOC2010
3435,27-4099,0.16666666666666666,4,reparticao_uniforme_entre_soc,IBGE Estrutura_Ocupacao_COD.xls,reproducao arquivada da ponte BLS ISCO08-SOC2010
3435,39-3092,0.16666666666666666,4,reparticao_uniforme_entre_soc,IBGE Estrutura_Ocupacao_COD.xls,reproducao arquivada da ponte BLS ISCO08-SOC2010
3435,39-3099,0.16666666666666666,4,reparticao_uniforme_entre_soc,IBGE Estrutura_Ocupacao_COD.xls,reproducao arquivada da ponte BLS ISCO08-SOC2010
3511,43-9011,1.0,4,reparticao_uniforme_entre_soc,IBGE Estrutura_Ocupacao_COD.xls,reproducao arquivada da ponte BLS ISCO08-SOC2010
3512,15-1151,1.0,4,reparticao_uniforme_entre_soc,IBGE Estrutura_Ocupacao_COD.xls,reproducao arquivada da ponte BLS ISCO08-SOC2010
3513,15-1152,1.0,4,reparticao_uniforme_entre_soc,IBGE Estrutura_Ocupacao_COD.xls,reproducao arquivada da ponte BLS ISCO08-SOC2010
3514,15-1134,0.5,4,reparticao_uniforme_entre_soc,IBGE Estrutura_Ocupacao_COD.xls,reproducao arquivada da ponte BLS ISCO08-SOC2010
3514,15-1142,0.5,4,reparticao_uniforme_entre_soc,IBGE Estrutura_Ocupacao_COD.xls,reproducao arquivada da ponte BLS ISCO08-SOC2010
3521,27-4011,0.16666666666666666,4,reparticao_uniforme_entre_soc,IBGE Estrutura_Ocupacao_COD.xls,reproducao arquivada da ponte BLS ISCO08-SOC2010
3521,27-4012,0.16666666666666666,4,reparticao_uniforme_entre_soc,IBGE Estrutura_Ocupacao_COD.xls,reproducao arquivada da ponte BLS ISCO08-SOC2010
3521,27-4013,0.16666666666666666,4,reparticao_uniforme_entre_soc,IBGE Estrutura_Ocupacao_COD.xls,reproducao arquivada da ponte BLS ISCO08-SOC2010
3521,27-4014,0.16666666666666666,4,reparticao_uniforme_entre_soc,IBGE Estrutura_Ocupacao_COD.xls,reproducao arquivada da ponte BLS ISCO08-SOC2010
3521,27-4031,0.16666666666666666,4,reparticao_uniforme_entre_soc,IBGE Estrutura_Ocupacao_COD.xls,reproducao arquivada da ponte BLS ISCO08-SOC2010
3521,27-4099,0.16666666666666666,4,reparticao_uniforme_entre_soc,IBGE Estrutura_Ocupacao_COD.xls,reproducao arquivada da ponte BLS ISCO08-SOC2010
3522,17-3023,1.0,4,reparticao_uniforme_entre_soc,IBGE Estrutura_Ocupacao_COD.xls,reproducao arquivada da ponte BLS ISCO08-SOC2010
4110,43-3061,0.5,4,reparticao_uniforme_entre_soc,IBGE Estrutura_Ocupacao_COD.xls,reproducao arquivada da ponte BLS ISCO08-SOC2010
4110,43-9061,0.5,4,reparticao_uniforme_entre_soc,IBGE Estrutura_Ocupacao_COD.xls,reproducao arquivada da ponte BLS ISCO08-SOC2010
4120,43-6014,1.0,4,reparticao_uniforme_entre_soc,IBGE Estrutura_Ocupacao_COD.xls,reproducao arquivada da ponte BLS ISCO08-SOC2010
4131,43-9022,1.0,4,reparticao_uniforme_entre_soc,IBGE Estrutura_Ocupacao_COD.xls,reproducao arquivada da ponte BLS ISCO08-SOC2010
4132,43-9021,1.0,4,reparticao_uniforme_entre_soc,IBGE Estrutura_Ocupacao_COD.xls,reproducao arquivada da ponte BLS ISCO08-SOC2010
4211,43-3071,0.5,4,reparticao_uniforme_entre_soc,IBGE Estrutura_Ocupacao_COD.xls,reproducao arquivada da ponte BLS ISCO08-SOC2010
4211,43-5051,0.5,4,reparticao_uniforme_entre_soc,IBGE Estrutura_Ocupacao_COD.xls,reproducao arquivada da ponte BLS ISCO08-SOC2010
4212,39-1011,0.16666666666666666,4,reparticao_uniforme_entre_soc,IBGE Estrutura_Ocupacao_COD.xls,reproducao arquivada da ponte BLS ISCO08-SOC2010
4212,39-1012,0.16666666666666666,4,reparticao_uniforme_entre_soc,IBGE Estrutura_Ocupacao_COD.xls,reproducao arquivada da ponte BLS ISCO08-SOC2010
4212,39-3011,0.16666666666666666,4,reparticao_uniforme_entre_soc,IBGE Estrutura_Ocupacao_COD.xls,reproducao arquivada da ponte BLS ISCO08-SOC2010
4212,39-3012,0.16666666666666666,4,reparticao_uniforme_entre_soc,IBGE Estrutura_Ocupacao_COD.xls,reproducao arquivada da ponte BLS ISCO08-SOC2010
4212,39-3019,0.16666666666666666,4,reparticao_uniforme_entre_soc,IBGE Estrutura_Ocupacao_COD.xls,reproducao arquivada da ponte BLS ISCO08-SOC2010
4212,43-3041,0.16666666666666666,4,reparticao_uniforme_entre_soc,IBGE Estrutura_Ocupacao_COD.xls,reproducao arquivada da ponte BLS ISCO08-SOC2010
4213,41-9099,0.5,4,reparticao_uniforme_entre_soc,IBGE Estrutura_Ocupacao_COD.xls,reproducao arquivada da ponte BLS ISCO08-SOC2010
4213,43-3099,0.5,4,reparticao_uniforme_entre_soc,IBGE Estrutura_Ocupacao_COD.xls,reproducao arquivada da ponte BLS ISCO08-SOC2010
4214,13-1131,0.5,4,reparticao_uniforme_entre_soc,IBGE Estrutura_Ocupacao_COD.xls,reproducao arquivada da ponte BLS ISCO08-SOC2010
4214,43-3011,0.5,4,reparticao_uniforme_entre_soc,IBGE Estrutura_Ocupacao_COD.xls,reproducao arquivada da ponte BLS ISCO08-SOC2010
4221,41-1012,0.3333333333333333,4,reparticao_uniforme_entre_soc,IBGE Estrutura_Ocupacao_COD.xls,reproducao arquivada da ponte BLS ISCO08-SOC2010
4221,41-3041,0.3333333333333333,4,reparticao_uniforme_entre_soc,IBGE Estrutura_Ocupacao_COD.xls,reproducao arquivada da ponte BLS ISCO08-SOC2010
4221,43-4181,0.3333333333333333,4,reparticao_uniforme_entre_soc,IBGE Estrutura_Ocupacao_COD.xls,reproducao arquivada da ponte BLS ISCO08-SOC2010
4222,43-4051,0.5,4,reparticao_uniforme_entre_soc,IBGE Estrutura_Ocupacao_COD.xls,reproducao arquivada da ponte BLS ISCO08-SOC2010
4222,43-4171,0.5,4,reparticao_uniforme_entre_soc,IBGE Estrutura_Ocupacao_COD.xls,reproducao arquivada da ponte BLS ISCO08-SOC2010
4223,43-2011,0.5,4,reparticao_uniforme_entre_soc,IBGE Estrutura_Ocupacao_COD.xls,reproducao arquivada da ponte BLS ISCO08-SOC2010
4223,43-2021,0.5,4,reparticao_uniforme_entre_soc,IBGE Estrutura_Ocupacao_COD.xls,reproducao arquivada da ponte BLS ISCO08-SOC2010
4224,39-6012,0.5,4,reparticao_uniforme_entre_soc,IBGE Estrutura_Ocupacao_COD.xls,reproducao arquivada da ponte BLS ISCO08-SOC2010
4224,43-4081,0.5,4,reparticao_uniforme_entre_soc,IBGE Estrutura_Ocupacao_COD.xls,reproducao arquivada da ponte BLS ISCO08-SOC2010
4225,43-4021,0.5,4,reparticao_uniforme_entre_soc,IBGE Estrutura_Ocupacao_COD.xls,reproducao arquivada da ponte BLS ISCO08-SOC2010
4225,43-4171,0.5,4,reparticao_uniforme_entre_soc,IBGE Estrutura_Ocupacao_COD.xls,reproducao arquivada da ponte BLS ISCO08-SOC2010
4226,43-4171,1.0,4,reparticao_uniforme_entre_soc,IBGE Estrutura_Ocupacao_COD.xls,reproducao arquivada da ponte BLS ISCO08-SOC2010
4227,43-4111,1.0,4,reparticao_uniforme_entre_soc,IBGE Estrutura_Ocupacao_COD.xls,reproducao arquivada da ponte BLS ISCO08-SOC2010
4229,43-2099,0.3333333333333333,4,reparticao_uniforme_entre_soc,IBGE Estrutura_Ocupacao_COD.xls,reproducao arquivada da ponte BLS ISCO08-SOC2010
4229,43-4061,0.3333333333333333,4,reparticao_uniforme_entre_soc,IBGE Estrutura_Ocupacao_COD.xls,reproducao arquivada da ponte BLS ISCO08-SOC2010
4229,43-4199,0.3333333333333333,4,reparticao_uniforme_entre_soc,IBGE Estrutura_Ocupacao_COD.xls,reproducao arquivada da ponte BLS ISCO08-SOC2010
4311,43-3021,0.5,4,reparticao_uniforme_entre_soc,IBGE Estrutura_Ocupacao_COD.xls,reproducao arquivada da ponte BLS ISCO08-SOC2010
4311,43-3031,0.5,4,reparticao_uniforme_entre_soc,IBGE Estrutura_Ocupacao_COD.xls,reproducao arquivada da ponte BLS ISCO08-SOC2010
4312,43-3099,0.16666666666666666,4,reparticao_uniforme_entre_soc,IBGE Estrutura_Ocupacao_COD.xls,reproducao arquivada da ponte BLS ISCO08-SOC2010
4312,43-4011,0.16666666666666666,4,reparticao_uniforme_entre_soc,IBGE Estrutura_Ocupacao_COD.xls,reproducao arquivada da ponte BLS ISCO08-SOC2010
4312,43-4041,0.16666666666666666,4,reparticao_uniforme_entre_soc,IBGE Estrutura_Ocupacao_COD.xls,reproducao arquivada da ponte BLS ISCO08-SOC2010
4312,43-4131,0.16666666666666666,4,reparticao_uniforme_entre_soc,IBGE Estrutura_Ocupacao_COD.xls,reproducao arquivada da ponte BLS ISCO08-SOC2010
4312,43-4141,0.16666666666666666,4,reparticao_uniforme_entre_soc,IBGE Estrutura_Ocupacao_COD.xls,reproducao arquivada da ponte BLS ISCO08-SOC2010
4312,43-9041,0.16666666666666666,4,reparticao_uniforme_entre_soc,IBGE Estrutura_Ocupacao_COD.xls,reproducao arquivada da ponte BLS ISCO08-SOC2010
4313,43-3051,1.0,4,reparticao_uniforme_entre_soc,IBGE Estrutura_Ocupacao_COD.xls,reproducao arquivada da ponte BLS ISCO08-SOC2010
4321,43-5071,0.3333333333333333,4,reparticao_uniforme_entre_soc,IBGE Estrutura_Ocupacao_COD.xls,reproducao arquivada da ponte BLS ISCO08-SOC2010
4321,43-5081,0.3333333333333333,4,reparticao_uniforme_entre_soc,IBGE Estrutura_Ocupacao_COD.xls,reproducao arquivada da ponte BLS ISCO08-SOC2010
4321,43-5111,0.3333333333333333,4,reparticao_uniforme_entre_soc,IBGE Estrutura_Ocupacao_COD.xls,reproducao arquivada da ponte BLS ISCO08-SOC2010
4322,43-5061,1.0,4,reparticao_uniforme_entre_soc,IBGE Estrutura_Ocupacao_COD.xls,reproducao arquivada da ponte BLS ISCO08-SOC2010
4323,43-5032,1.0,4,reparticao_uniforme_entre_soc,IBGE Estrutura_Ocupacao_COD.xls,reproducao arquivada da ponte BLS ISCO08-SOC2010
4411,25-4031,0.5,4,reparticao_uniforme_entre_soc,IBGE Estrutura_Ocupacao_COD.xls,reproducao arquivada da ponte BLS ISCO08-SOC2010
4411,43-4121,0.5,4,reparticao_uniforme_entre_soc,IBGE Estrutura_Ocupacao_COD.xls,reproducao arquivada da ponte BLS ISCO08-SOC2010
4412,43-5021,0.2,4,reparticao_uniforme_entre_soc,IBGE Estrutura_Ocupacao_COD.xls,reproducao arquivada da ponte BLS ISCO08-SOC2010
4412,43-5051,0.2,4,reparticao_uniforme_entre_soc,IBGE Estrutura_Ocupacao_COD.xls,reproducao arquivada da ponte BLS ISCO08-SOC2010
4412,43-5052,0.2,4,reparticao_uniforme_entre_soc,IBGE Estrutura_Ocupacao_COD.xls,reproducao arquivada da ponte BLS ISCO08-SOC2010
4412,43-5053,0.2,4,reparticao_uniforme_entre_soc,IBGE Estrutura_Ocupacao_COD.xls,reproducao arquivada da ponte BLS ISCO08-SOC2010
4412,43-9051,0.2,4,reparticao_uniforme_entre_soc,IBGE Estrutura_Ocupacao_COD.xls,reproducao arquivada da ponte BLS ISCO08-SOC2010
4413,43-9081,1.0,4,reparticao_uniforme_entre_soc,IBGE Estrutura_Ocupacao_COD.xls,reproducao arquivada da ponte BLS ISCO08-SOC2010
4414,39-1021,0.5,4,reparticao_uniforme_entre_soc,IBGE Estrutura_Ocupacao_COD.xls,reproducao arquivada da ponte BLS ISCO08-SOC2010
4414,39-9021,0.5,4,reparticao_uniforme_entre_soc,IBGE Estrutura_Ocupacao_COD.xls,reproducao arquivada da ponte BLS ISCO08-SOC2010
4415,43-4071,0.5,4,reparticao_uniforme_entre_soc,IBGE Estrutura_Ocupacao_COD.xls,reproducao arquivada da ponte BLS ISCO08-SOC2010
4415,43-9071,0.5,4,reparticao_uniforme_entre_soc,IBGE Estrutura_Ocupacao_COD.xls,reproducao arquivada da ponte BLS ISCO08-SOC2010
4416,43-4161,1.0,4,reparticao_uniforme_entre_soc,IBGE Estrutura_Ocupacao_COD.xls,reproducao arquivada da ponte BLS ISCO08-SOC2010
4419,43-4021,0.25,4,reparticao_uniforme_entre_soc,IBGE Estrutura_Ocupacao_COD.xls,reproducao arquivada da ponte BLS ISCO08-SOC2010
4419,43-4151,0.25,4,reparticao_uniforme_entre_soc,IBGE Estrutura_Ocupacao_COD.xls,reproducao arquivada da ponte BLS ISCO08-SOC2010
4419,43-4199,0.25,4,reparticao_uniforme_entre_soc,IBGE Estrutura_Ocupacao_COD.xls,reproducao arquivada da ponte BLS ISCO08-SOC2010
4419,43-9199,0.25,4,reparticao_uniforme_entre_soc,IBGE Estrutura_Ocupacao_COD.xls,reproducao arquivada da ponte BLS ISCO08-SOC2010
5111,53-1031,0.3333333333333333,4,reparticao_uniforme_entre_soc,IBGE Estrutura_Ocupacao_COD.xls,reproducao arquivada da ponte BLS ISCO08-SOC2010
5111,53-2031,0.3333333333333333,4,reparticao_uniforme_entre_soc,IBGE Estrutura_Ocupacao_COD.xls,reproducao arquivada da ponte BLS ISCO08-SOC2010
5111,53-6061,0.3333333333333333,4,reparticao_uniforme_entre_soc,IBGE Estrutura_Ocupacao_COD.xls,reproducao arquivada da ponte BLS ISCO08-SOC2010
5112,53-1031,0.5,4,reparticao_uniforme_entre_soc,IBGE Estrutura_Ocupacao_COD.xls,reproducao arquivada da ponte BLS ISCO08-SOC2010
5112,53-6061,0.5,4,reparticao_uniforme_entre_soc,IBGE Estrutura_Ocupacao_COD.xls,reproducao arquivada da ponte BLS ISCO08-SOC2010
5113,39-1021,0.3333333333333333,4,reparticao_uniforme_entre_soc,IBGE Estrutura_Ocupacao_COD.xls,reproducao arquivada da ponte BLS ISCO08-SOC2010
5113,39-7011,0.3333333333333333,4,reparticao_uniforme_entre_soc,IBGE Estrutura_Ocupacao_COD.xls,reproducao arquivada da ponte BLS ISCO08-SOC2010
5113,39-7012,0.3333333333333333,4,reparticao_uniforme_entre_soc,IBGE Estrutura_Ocupacao_COD.xls,reproducao arquivada da ponte BLS ISCO08-SOC2010
5120,35-1012,0.16666666666666666,4,reparticao_uniforme_entre_soc,IBGE Estrutura_Ocupacao_COD.xls,reproducao arquivada da ponte BLS ISCO08-SOC2010
5120,35-2012,0.16666666666666666,4,reparticao_uniforme_entre_soc,IBGE Estrutura_Ocupacao_COD.xls,reproducao arquivada da ponte BLS ISCO08-SOC2010
5120,35-2013,0.16666666666666666,4,reparticao_uniforme_entre_soc,IBGE Estrutura_Ocupacao_COD.xls,reproducao arquivada da ponte BLS ISCO08-SOC2010
5120,35-2014,0.16666666666666666,4,reparticao_uniforme_entre_soc,IBGE Estrutura_Ocupacao_COD.xls,reproducao arquivada da ponte BLS ISCO08-SOC2010
5120,35-2015,0.16666666666666666,4,reparticao_uniforme_entre_soc,IBGE Estrutura_Ocupacao_COD.xls,reproducao arquivada da ponte BLS ISCO08-SOC2010
5120,35-2019,0.16666666666666666,4,reparticao_uniforme_entre_soc,IBGE Estrutura_Ocupacao_COD.xls,reproducao arquivada da ponte BLS ISCO08-SOC2010
5131,35-3031,0.5,4,reparticao_uniforme_entre_soc,IBGE Estrutura_Ocupacao_COD.xls,reproducao arquivada da ponte BLS ISCO08-SOC2010
5131,35-3041,0.5,4,reparticao_uniforme_entre_soc,IBGE Estrutura_Ocupacao_COD.xls,reproducao arquivada da ponte BLS ISCO08-SOC2010
5132,35-3011,1.0,4,reparticao_uniforme_entre_soc,IBGE Estrutura_Ocupacao_COD.xls,reproducao arquivada da ponte BLS ISCO08-SOC2010
5141,39-1021,0.3333333333333333,4,reparticao_uniforme_entre_soc,IBGE Estrutura_Ocupacao_COD.xls,reproducao arquivada da ponte BLS ISCO08-SOC2010
5141,39-5011,0.3333333333333333,4,reparticao_uniforme_entre_soc,IBGE Estrutura_Ocupacao_COD.xls,reproducao arquivada da ponte BLS ISCO08-SOC2010
5141,39-5012,0.3333333333333333,4,reparticao_uniforme_entre_soc,IBGE Estrutura_Ocupacao_COD.xls,reproducao arquivada da ponte BLS ISCO08-SOC2010
5142,39-1021,0.16666666666666666,4,reparticao_uniforme_entre_soc,IBGE Estrutura_Ocupacao_COD.xls,reproducao arquivada da ponte BLS ISCO08-SOC2010
5142,39-5012,0.16666666666666666,4,reparticao_uniforme_entre_soc,IBGE Estrutura_Ocupacao_COD.xls,reproducao arquivada da ponte BLS ISCO08-SOC2010
5142,39-5091,0.16666666666666666,4,reparticao_uniforme_entre_soc,IBGE Estrutura_Ocupacao_COD.xls,reproducao arquivada da ponte BLS ISCO08-SOC2010
5142,39-5092,0.16666666666666666,4,reparticao_uniforme_entre_soc,IBGE Estrutura_Ocupacao_COD.xls,reproducao arquivada da ponte BLS ISCO08-SOC2010
5142,39-5093,0.16666666666666666,4,reparticao_uniforme_entre_soc,IBGE Estrutura_Ocupacao_COD.xls,reproducao arquivada da ponte BLS ISCO08-SOC2010
5142,39-5094,0.16666666666666666,4,reparticao_uniforme_entre_soc,IBGE Estrutura_Ocupacao_COD.xls,reproducao arquivada da ponte BLS ISCO08-SOC2010
5151,37-1011,1.0,4,reparticao_uniforme_entre_soc,IBGE Estrutura_Ocupacao_COD.xls,reproducao arquivada da ponte BLS ISCO08-SOC2010
5152,37-1011,0.5,4,reparticao_uniforme_entre_soc,IBGE Estrutura_Ocupacao_COD.xls,reproducao arquivada da ponte BLS ISCO08-SOC2010
5152,39-9099,0.5,4,reparticao_uniforme_entre_soc,IBGE Estrutura_Ocupacao_COD.xls,reproducao arquivada da ponte BLS ISCO08-SOC2010
5153,37-2011,1.0,4,reparticao_uniforme_entre_soc,IBGE Estrutura_Ocupacao_COD.xls,reproducao arquivada da ponte BLS ISCO08-SOC2010
5161,27-2099,1.0,4,reparticao_uniforme_entre_soc,IBGE Estrutura_Ocupacao_COD.xls,reproducao arquivada da ponte BLS ISCO08-SOC2010
5162,39-1021,0.3333333333333333,4,reparticao_uniforme_entre_soc,IBGE Estrutura_Ocupacao_COD.xls,reproducao arquivada da ponte BLS ISCO08-SOC2010
5162,39-9021,0.3333333333333333,4,reparticao_uniforme_entre_soc,IBGE Estrutura_Ocupacao_COD.xls,reproducao arquivada da ponte BLS ISCO08-SOC2010
5162,39-9099,0.3333333333333333,4,reparticao_uniforme_entre_soc,IBGE Estrutura_Ocupacao_COD.xls,reproducao arquivada da ponte BLS ISCO08-SOC2010
5163,39-4011,0.3333333333333333,4,reparticao_uniforme_entre_soc,IBGE Estrutura_Ocupacao_COD.xls,reproducao arquivada da ponte BLS ISCO08-SOC2010
5163,39-4021,0.3333333333333333,4,reparticao_uniforme_entre_soc,IBGE Estrutura_Ocupacao_COD.xls,reproducao arquivada da ponte BLS ISCO08-SOC2010
5163,39-4031,0.3333333333333333,4,reparticao_uniforme_entre_soc,IBGE Estrutura_Ocupacao_COD.xls,reproducao arquivada da ponte BLS ISCO08-SOC2010
5164,31-9096,0.25,4,reparticao_uniforme_entre_soc,IBGE Estrutura_Ocupacao_COD.xls,reproducao arquivada da ponte BLS ISCO08-SOC2010
5164,39-1021,0.25,4,reparticao_uniforme_entre_soc,IBGE Estrutura_Ocupacao_COD.xls,reproducao arquivada da ponte BLS ISCO08-SOC2010
5164,39-2011,0.25,4,reparticao_uniforme_entre_soc,IBGE Estrutura_Ocupacao_COD.xls,reproducao arquivada da ponte BLS ISCO08-SOC2010
5164,39-2021,0.25,4,reparticao_uniforme_entre_soc,IBGE Estrutura_Ocupacao_COD.xls,reproducao arquivada da ponte BLS ISCO08-SOC2010
5165,25-3021,1.0,4,reparticao_uniforme_entre_soc,IBGE Estrutura_Ocupacao_COD.xls,reproducao arquivada da ponte BLS ISCO08-SOC2010
5169,35-9031,0.2,4,reparticao_uniforme_entre_soc,IBGE Estrutura_Ocupacao_COD.xls,reproducao arquivada da ponte BLS ISCO08-SOC2010
5169,39-9099,0.2,4,reparticao_uniforme_entre_soc,IBGE Estrutura_Ocupacao_COD.xls,reproducao arquivada da ponte BLS ISCO08-SOC2010
5169,39-1021,0.2,4,reparticao_uniforme_entre_soc,IBGE Estrutura_Ocupacao_COD.xls,reproducao arquivada da ponte BLS ISCO08-SOC2010
5169,39-9032,0.2,4,reparticao_uniforme_entre_soc,IBGE Estrutura_Ocupacao_COD.xls,reproducao arquivada da ponte BLS ISCO08-SOC2010
5169,39-9041,0.2,4,reparticao_uniforme_entre_soc,IBGE Estrutura_Ocupacao_COD.xls,reproducao arquivada da ponte BLS ISCO08-SOC2010
5211,41-9091,1.0,4,reparticao_uniforme_entre_soc,IBGE Estrutura_Ocupacao_COD.xls,reproducao arquivada da ponte BLS ISCO08-SOC2010
5212,35-3041,0.5,4,reparticao_uniforme_entre_soc,IBGE Estrutura_Ocupacao_COD.xls,reproducao arquivada da ponte BLS ISCO08-SOC2010
5212,41-9091,0.5,4,reparticao_uniforme_entre_soc,IBGE Estrutura_Ocupacao_COD.xls,reproducao arquivada da ponte BLS ISCO08-SOC2010
5221,11-1021,1.0,4,reparticao_uniforme_entre_soc,IBGE Estrutura_Ocupacao_COD.xls,reproducao arquivada da ponte BLS ISCO08-SOC2010
5222,41-1011,1.0,4,reparticao_uniforme_entre_soc,IBGE Estrutura_Ocupacao_COD.xls,reproducao arquivada da ponte BLS ISCO08-SOC2010
5223,41-2022,0.5,4,reparticao_uniforme_entre_soc,IBGE Estrutura_Ocupacao_COD.xls,reproducao arquivada da ponte BLS ISCO08-SOC2010
5223,41-2031,0.5,4,reparticao_uniforme_entre_soc,IBGE Estrutura_Ocupacao_COD.xls,reproducao arquivada da ponte BLS ISCO08-SOC2010
5230,41-2011,0.5,4,reparticao_uniforme_entre_soc,IBGE Estrutura_Ocupacao_COD.xls,reproducao arquivada da ponte BLS ISCO08-SOC2010
5230,41-2012,0.5,4,reparticao_uniforme_entre_soc,IBGE Estrutura_Ocupacao_COD.xls,reproducao arquivada da ponte BLS ISCO08-SOC2010
5241,41-9012,1.0,4,reparticao_uniforme_entre_soc,IBGE Estrutura_Ocupacao_COD.xls,reproducao arquivada da ponte BLS ISCO08-SOC2010
5242,41-9011,1.0,4,reparticao_uniforme_entre_soc,IBGE Estrutura_Ocupacao_COD.xls,reproducao arquivada da ponte BLS ISCO08-SOC2010
5243,41-9091,1.0,4,reparticao_uniforme_entre_soc,IBGE Estrutura_Ocupacao_COD.xls,reproducao arquivada da ponte BLS ISCO08-SOC2010
5244,41-9041,1.0,4,reparticao_uniforme_entre_soc,IBGE Estrutura_Ocupacao_COD.xls,reproducao arquivada da ponte BLS ISCO08-SOC2010
5245,53-1031,0.5,4,reparticao_uniforme_entre_soc,IBGE Estrutura_Ocupacao_COD.xls,reproducao arquivada da ponte BLS ISCO08-SOC2010
5245,53-6031,0.5,4,reparticao_uniforme_entre_soc,IBGE Estrutura_Ocupacao_COD.xls,reproducao arquivada da ponte BLS ISCO08-SOC2010
5246,35-3021,0.3333333333333333,4,reparticao_uniforme_entre_soc,IBGE Estrutura_Ocupacao_COD.xls,reproducao arquivada da ponte BLS ISCO08-SOC2010
5246,35-3022,0.3333333333333333,4,reparticao_uniforme_entre_soc,IBGE Estrutura_Ocupacao_COD.xls,reproducao arquivada da ponte BLS ISCO08-SOC2010
5246,35-9011,0.3333333333333333,4,reparticao_uniforme_entre_soc,IBGE Estrutura_Ocupacao_COD.xls,reproducao arquivada da ponte BLS ISCO08-SOC2010
5249,41-2021,0.5,4,reparticao_uniforme_entre_soc,IBGE Estrutura_Ocupacao_COD.xls,reproducao arquivada da ponte BLS ISCO08-SOC2010
5249,41-9099,0.5,4,reparticao_uniforme_entre_soc,IBGE Estrutura_Ocupacao_COD.xls,reproducao arquivada da ponte BLS ISCO08-SOC2010
5311,39-1021,0.5,4,reparticao_uniforme_entre_soc,IBGE Estrutura_Ocupacao_COD.xls,reproducao arquivada da ponte BLS ISCO08-SOC2010
5311,39-9011,0.5,4,reparticao_uniforme_entre_soc,IBGE Estrutura_Ocupacao_COD.xls,reproducao arquivada da ponte BLS ISCO08-SOC2010
5312,25-9041,1.0,4,reparticao_uniforme_entre_soc,IBGE Estrutura_Ocupacao_COD.xls,reproducao arquivada da ponte BLS ISCO08-SOC2010
5321,31-1013,0.5,4,reparticao_uniforme_entre_soc,IBGE Estrutura_Ocupacao_COD.xls,reproducao arquivada da ponte BLS ISCO08-SOC2010
5321,31-1014,0.5,4,reparticao_uniforme_entre_soc,IBGE Estrutura_Ocupacao_COD.xls,reproducao arquivada da ponte BLS ISCO08-SOC2010
5322,31-1011,0.3333333333333333,4,reparticao_uniforme_entre_soc,IBGE Estrutura_Ocupacao_COD.xls,reproducao arquivada da ponte BLS ISCO08-SOC2010
5322,39-1021,0.3333333333333333,4,reparticao_uniforme_entre_soc,IBGE Estrutura_Ocupacao_COD.xls,reproducao arquivada da ponte BLS ISCO08-SOC2010
5322,39-9021,0.3333333333333333,4,reparticao_uniforme_entre_soc,IBGE Estrutura_Ocupacao_COD.xls,reproducao arquivada da ponte BLS ISCO08-SOC2010
5329,31-1015,0.125,4,reparticao_uniforme_entre_soc,IBGE Estrutura_Ocupacao_COD.xls,reproducao arquivada da ponte BLS ISCO08-SOC2010
5329,31-2012,0.125,4,reparticao_uniforme_entre_soc,IBGE Estrutura_Ocupacao_COD.xls,reproducao arquivada da ponte BLS ISCO08-SOC2010
5329,31-2022,0.125,4,reparticao_uniforme_entre_soc,IBGE Estrutura_Ocupacao_COD.xls,reproducao arquivada da ponte BLS ISCO08-SOC2010
5329,31-9091,0.125,4,reparticao_uniforme_entre_soc,IBGE Estrutura_Ocupacao_COD.xls,reproducao arquivada da ponte BLS ISCO08-SOC2010
5329,31-9093,0.125,4,reparticao_uniforme_entre_soc,IBGE Estrutura_Ocupacao_COD.xls,reproducao arquivada da ponte BLS ISCO08-SOC2010
5329,31-9095,0.125,4,reparticao_uniforme_entre_soc,IBGE Estrutura_Ocupacao_COD.xls,reproducao arquivada da ponte BLS ISCO08-SOC2010
5329,31-9097,0.125,4,reparticao_uniforme_entre_soc,IBGE Estrutura_Ocupacao_COD.xls,reproducao arquivada da ponte BLS ISCO08-SOC2010
5329,31-9099,0.125,4,reparticao_uniforme_entre_soc,IBGE Estrutura_Ocupacao_COD.xls,reproducao arquivada da ponte BLS ISCO08-SOC2010
5411,33-1021,0.5,4,reparticao_uniforme_entre_soc,IBGE Estrutura_Ocupacao_COD.xls,reproducao arquivada da ponte BLS ISCO08-SOC2010
5411,33-2011,0.5,4,reparticao_uniforme_entre_soc,IBGE Estrutura_Ocupacao_COD.xls,reproducao arquivada da ponte BLS ISCO08-SOC2010
5412,33-1012,0.3333333333333333,4,reparticao_uniforme_entre_soc,IBGE Estrutura_Ocupacao_COD.xls,reproducao arquivada da ponte BLS ISCO08-SOC2010
5412,33-3051,0.3333333333333333,4,reparticao_uniforme_entre_soc,IBGE Estrutura_Ocupacao_COD.xls,reproducao arquivada da ponte BLS ISCO08-SOC2010
5412,33-3052,0.3333333333333333,4,reparticao_uniforme_entre_soc,IBGE Estrutura_Ocupacao_COD.xls,reproducao arquivada da ponte BLS ISCO08-SOC2010
5413,33-1011,0.5,4,reparticao_uniforme_entre_soc,IBGE Estrutura_Ocupacao_COD.xls,reproducao arquivada da ponte BLS ISCO08-SOC2010
5413,33-3012,0.5,4,reparticao_uniforme_entre_soc,IBGE Estrutura_Ocupacao_COD.xls,reproducao arquivada da ponte BLS ISCO08-SOC2010
5414,33-1099,0.25,4,reparticao_uniforme_entre_soc,IBGE Estrutura_Ocupacao_COD.xls,reproducao arquivada da ponte BLS ISCO08-SOC2010
5414,33-9031,0.25,4,reparticao_uniforme_entre_soc,IBGE Estrutura_Ocupacao_COD.xls,reproducao arquivada da ponte BLS ISCO08-SOC2010
5414,33-9032,0.25,4,reparticao_uniforme_entre_soc,IBGE Estrutura_Ocupacao_COD.xls,reproducao arquivada da ponte BLS ISCO08-SOC2010
5414,33-9093,0.25,4,reparticao_uniforme_entre_soc,IBGE Estrutura_Ocupacao_COD.xls,reproducao arquivada da ponte BLS ISCO08-SOC2010
5419,33-1099,0.125,4,reparticao_uniforme_entre_soc,IBGE Estrutura_Ocupacao_COD.xls,reproducao arquivada da ponte BLS ISCO08-SOC2010
5419,33-3031,0.125,4,reparticao_uniforme_entre_soc,IBGE Estrutura_Ocupacao_COD.xls,reproducao arquivada da ponte BLS ISCO08-SOC2010
5419,33-3041,0.125,4,reparticao_uniforme_entre_soc,IBGE Estrutura_Ocupacao_COD.xls,reproducao arquivada da ponte BLS ISCO08-SOC2010
5419,33-9011,0.125,4,reparticao_uniforme_entre_soc,IBGE Estrutura_Ocupacao_COD.xls,reproducao arquivada da ponte BLS ISCO08-SOC2010
5419,33-9091,0.125,4,reparticao_uniforme_entre_soc,IBGE Estrutura_Ocupacao_COD.xls,reproducao arquivada da ponte BLS ISCO08-SOC2010
5419,33-9092,0.125,4,reparticao_uniforme_entre_soc,IBGE Estrutura_Ocupacao_COD.xls,reproducao arquivada da ponte BLS ISCO08-SOC2010
5419,33-9099,0.125,4,reparticao_uniforme_entre_soc,IBGE Estrutura_Ocupacao_COD.xls,reproducao arquivada da ponte BLS ISCO08-SOC2010
5419,43-5031,0.125,4,reparticao_uniforme_entre_soc,IBGE Estrutura_Ocupacao_COD.xls,reproducao arquivada da ponte BLS ISCO08-SOC2010
6111,45-1011,0.2,2,reparticao_uniforme_entre_soc,IBGE Estrutura_Ocupacao_COD.xls,reproducao arquivada da ponte BLS ISCO08-SOC2010
6111,45-2091,0.2,2,reparticao_uniforme_entre_soc,IBGE Estrutura_Ocupacao_COD.xls,reproducao arquivada da ponte BLS ISCO08-SOC2010
6111,37-1012,0.2,2,reparticao_uniforme_entre_soc,IBGE Estrutura_Ocupacao_COD.xls,reproducao arquivada da ponte BLS ISCO08-SOC2010
6111,37-3013,0.2,2,reparticao_uniforme_entre_soc,IBGE Estrutura_Ocupacao_COD.xls,reproducao arquivada da ponte BLS ISCO08-SOC2010
6111,45-2021,0.2,2,reparticao_uniforme_entre_soc,IBGE Estrutura_Ocupacao_COD.xls,reproducao arquivada da ponte BLS ISCO08-SOC2010
6112,45-1011,0.2,2,reparticao_uniforme_entre_soc,IBGE Estrutura_Ocupacao_COD.xls,reproducao arquivada da ponte BLS ISCO08-SOC2010
6112,45-2091,0.2,2,reparticao_uniforme_entre_soc,IBGE Estrutura_Ocupacao_COD.xls,reproducao arquivada da ponte BLS ISCO08-SOC2010
6112,37-1012,0.2,2,reparticao_uniforme_entre_soc,IBGE Estrutura_Ocupacao_COD.xls,reproducao arquivada da ponte BLS ISCO08-SOC2010
6112,37-3013,0.2,2,reparticao_uniforme_entre_soc,IBGE Estrutura_Ocupacao_COD.xls,reproducao arquivada da ponte BLS ISCO08-SOC2010
6112,45-2021,0.2,2,reparticao_uniforme_entre_soc,IBGE Estrutura_Ocupacao_COD.xls,reproducao arquivada da ponte BLS ISCO08-SOC2010
6114,45-1011,0.2,2,reparticao_uniforme_entre_soc,IBGE Estrutura_Ocupacao_COD.xls,reproducao arquivada da ponte BLS ISCO08-SOC2010
6114,45-2091,0.2,2,reparticao_uniforme_entre_soc,IBGE Estrutura_Ocupacao_COD.xls,reproducao arquivada da ponte BLS ISCO08-SOC2010
6114,37-1012,0.2,2,reparticao_uniforme_entre_soc,IBGE Estrutura_Ocupacao_COD.xls,reproducao arquivada da ponte BLS ISCO08-SOC2010
6114,37-3013,0.2,2,reparticao_uniforme_entre_soc,IBGE Estrutura_Ocupacao_COD.xls,reproducao arquivada da ponte BLS ISCO08-SOC2010
6114,45-2021,0.2,2,reparticao_uniforme_entre_soc,IBGE Estrutura_Ocupacao_COD.xls,reproducao arquivada da ponte BLS ISCO08-SOC2010
6121,45-1011,0.2,2,reparticao_uniforme_entre_soc,IBGE Estrutura_Ocupacao_COD.xls,reproducao arquivada da ponte BLS ISCO08-SOC2010
6121,45-2091,0.2,2,reparticao_uniforme_entre_soc,IBGE Estrutura_Ocupacao_COD.xls,reproducao arquivada da ponte BLS ISCO08-SOC2010
6121,37-1012,0.2,2,reparticao_uniforme_entre_soc,IBGE Estrutura_Ocupacao_COD.xls,reproducao arquivada da ponte BLS ISCO08-SOC2010
6121,37-3013,0.2,2,reparticao_uniforme_entre_soc,IBGE Estrutura_Ocupacao_COD.xls,reproducao arquivada da ponte BLS ISCO08-SOC2010
6121,45-2021,0.2,2,reparticao_uniforme_entre_soc,IBGE Estrutura_Ocupacao_COD.xls,reproducao arquivada da ponte BLS ISCO08-SOC2010
6122,45-1011,0.2,2,reparticao_uniforme_entre_soc,IBGE Estrutura_Ocupacao_COD.xls,reproducao arquivada da ponte BLS ISCO08-SOC2010
6122,45-2091,0.2,2,reparticao_uniforme_entre_soc,IBGE Estrutura_Ocupacao_COD.xls,reproducao arquivada da ponte BLS ISCO08-SOC2010
6122,37-1012,0.2,2,reparticao_uniforme_entre_soc,IBGE Estrutura_Ocupacao_COD.xls,reproducao arquivada da ponte BLS ISCO08-SOC2010
6122,37-3013,0.2,2,reparticao_uniforme_entre_soc,IBGE Estrutura_Ocupacao_COD.xls,reproducao arquivada da ponte BLS ISCO08-SOC2010
6122,45-2021,0.2,2,reparticao_uniforme_entre_soc,IBGE Estrutura_Ocupacao_COD.xls,reproducao arquivada da ponte BLS ISCO08-SOC2010
6123,45-1011,0.2,2,reparticao_uniforme_entre_soc,IBGE Estrutura_Ocupacao_COD.xls,reproducao arquivada da ponte BLS ISCO08-SOC2010
6123,45-2091,0.2,2,reparticao_uniforme_entre_soc,IBGE Estrutura_Ocupacao_COD.xls,reproducao arquivada da ponte BLS ISCO08-SOC2010
6123,37-1012,0.2,2,reparticao_uniforme_entre_soc,IBGE Estrutura_Ocupacao_COD.xls,reproducao arquivada da ponte BLS ISCO08-SOC2010
6123,37-3013,0.2,2,reparticao_uniforme_entre_soc,IBGE Estrutura_Ocupacao_COD.xls,reproducao arquivada da ponte BLS ISCO08-SOC2010
6123,45-2021,0.2,2,reparticao_uniforme_entre_soc,IBGE Estrutura_Ocupacao_COD.xls,reproducao arquivada da ponte BLS ISCO08-SOC2010
6129,45-1011,0.2,2,reparticao_uniforme_entre_soc,IBGE Estrutura_Ocupacao_COD.xls,reproducao arquivada da ponte BLS ISCO08-SOC2010
6129,45-2091,0.2,2,reparticao_uniforme_entre_soc,IBGE Estrutura_Ocupacao_COD.xls,reproducao arquivada da ponte BLS ISCO08-SOC2010
6129,37-1012,0.2,2,reparticao_uniforme_entre_soc,IBGE Estrutura_Ocupacao_COD.xls,reproducao arquivada da ponte BLS ISCO08-SOC2010
6129,37-3013,0.2,2,reparticao_uniforme_entre_soc,IBGE Estrutura_Ocupacao_COD.xls,reproducao arquivada da ponte BLS ISCO08-SOC2010
6129,45-2021,0.2,2,reparticao_uniforme_entre_soc,IBGE Estrutura_Ocupacao_COD.xls,reproducao arquivada da ponte BLS ISCO08-SOC2010
6130,45-1011,0.2,2,reparticao_uniforme_entre_soc,IBGE Estrutura_Ocupacao_COD.xls,reproducao arquivada da ponte BLS ISCO08-SOC2010
6130,45-2091,0.2,2,reparticao_uniforme_entre_soc,IBGE Estrutura_Ocupacao_COD.xls,reproducao arquivada da ponte BLS ISCO08-SOC2010
6130,37-1012,0.2,2,reparticao_uniforme_entre_soc,IBGE Estrutura_Ocupacao_COD.xls,reproducao arquivada da ponte BLS ISCO08-SOC2010
6130,37-3013,0.2,2,reparticao_uniforme_entre_soc,IBGE Estrutura_Ocupacao_COD.xls,reproducao arquivada da ponte BLS ISCO08-SOC2010
6130,45-2021,0.2,2,reparticao_uniforme_entre_soc,IBGE Estrutura_Ocupacao_COD.xls,reproducao arquivada da ponte BLS ISCO08-SOC2010
6210,45-1011,0.1111111111111111,2,reparticao_uniforme_entre_soc,IBGE Estrutura_Ocupacao_COD.xls,reproducao arquivada da ponte BLS ISCO08-SOC2010
6210,45-4011,0.1111111111111111,2,reparticao_uniforme_entre_soc,IBGE Estrutura_Ocupacao_COD.xls,reproducao arquivada da ponte BLS ISCO08-SOC2010
6210,45-4021,0.1111111111111111,2,reparticao_uniforme_entre_soc,IBGE Estrutura_Ocupacao_COD.xls,reproducao arquivada da ponte BLS ISCO08-SOC2010
6210,45-4022,0.1111111111111111,2,reparticao_uniforme_entre_soc,IBGE Estrutura_Ocupacao_COD.xls,reproducao arquivada da ponte BLS ISCO08-SOC2010
6210,45-4023,0.1111111111111111,2,reparticao_uniforme_entre_soc,IBGE Estrutura_Ocupacao_COD.xls,reproducao arquivada da ponte BLS ISCO08-SOC2010
6210,45-4029,0.1111111111111111,2,reparticao_uniforme_entre_soc,IBGE Estrutura_Ocupacao_COD.xls,reproducao arquivada da ponte BLS ISCO08-SOC2010
6210,45-2021,0.1111111111111111,2,reparticao_uniforme_entre_soc,IBGE Estrutura_Ocupacao_COD.xls,reproducao arquivada da ponte BLS ISCO08-SOC2010
6210,45-3011,0.1111111111111111,2,reparticao_uniforme_entre_soc,IBGE Estrutura_Ocupacao_COD.xls,reproducao arquivada da ponte BLS ISCO08-SOC2010
6210,45-3021,0.1111111111111111,2,reparticao_uniforme_entre_soc,IBGE Estrutura_Ocupacao_COD.xls,reproducao arquivada da ponte BLS ISCO08-SOC2010
6221,45-1011,0.1111111111111111,2,reparticao_uniforme_entre_soc,IBGE Estrutura_Ocupacao_COD.xls,reproducao arquivada da ponte BLS ISCO08-SOC2010
6221,45-4011,0.1111111111111111,2,reparticao_uniforme_entre_soc,IBGE Estrutura_Ocupacao_COD.xls,reproducao arquivada da ponte BLS ISCO08-SOC2010
6221,45-4021,0.1111111111111111,2,reparticao_uniforme_entre_soc,IBGE Estrutura_Ocupacao_COD.xls,reproducao arquivada da ponte BLS ISCO08-SOC2010
6221,45-4022,0.1111111111111111,2,reparticao_uniforme_entre_soc,IBGE Estrutura_Ocupacao_COD.xls,reproducao arquivada da ponte BLS ISCO08-SOC2010
6221,45-4023,0.1111111111111111,2,reparticao_uniforme_entre_soc,IBGE Estrutura_Ocupacao_COD.xls,reproducao arquivada da ponte BLS ISCO08-SOC2010
6221,45-4029,0.1111111111111111,2,reparticao_uniforme_entre_soc,IBGE Estrutura_Ocupacao_COD.xls,reproducao arquivada da ponte BLS ISCO08-SOC2010
6221,45-2021,0.1111111111111111,2,reparticao_uniforme_entre_soc,IBGE Estrutura_Ocupacao_COD.xls,reproducao arquivada da ponte BLS ISCO08-SOC2010
6221,45-3011,0.1111111111111111,2,reparticao_uniforme_entre_soc,IBGE Estrutura_Ocupacao_COD.xls,reproducao arquivada da ponte BLS ISCO08-SOC2010
6221,45-3021,0.1111111111111111,2,reparticao_uniforme_entre_soc,IBGE Estrutura_Ocupacao_COD.xls,reproducao arquivada da ponte BLS ISCO08-SOC2010
6224,45-1011,0.1111111111111111,2,reparticao_uniforme_entre_soc,IBGE Estrutura_Ocupacao_COD.xls,reproducao arquivada da ponte BLS ISCO08-SOC2010
6224,45-4011,0.1111111111111111,2,reparticao_uniforme_entre_soc,IBGE Estrutura_Ocupacao_COD.xls,reproducao arquivada da ponte BLS ISCO08-SOC2010
6224,45-4021,0.1111111111111111,2,reparticao_uniforme_entre_soc,IBGE Estrutura_Ocupacao_COD.xls,reproducao arquivada da ponte BLS ISCO08-SOC2010
6224,45-4022,0.1111111111111111,2,reparticao_uniforme_entre_soc,IBGE Estrutura_Ocupacao_COD.xls,reproducao arquivada da ponte BLS ISCO08-SOC2010
6224,45-4023,0.1111111111111111,2,reparticao_uniforme_entre_soc,IBGE Estrutura_Ocupacao_COD.xls,reproducao arquivada da ponte BLS ISCO08-SOC2010
6224,45-4029,0.1111111111111111,2,reparticao_uniforme_entre_soc,IBGE Estrutura_Ocupacao_COD.xls,reproducao arquivada da ponte BLS ISCO08-SOC2010
6224,45-2021,0.1111111111111111,2,reparticao_uniforme_entre_soc,IBGE Estrutura_Ocupacao_COD.xls,reproducao arquivada da ponte BLS ISCO08-SOC2010
6224,45-3011,0.1111111111111111,2,reparticao_uniforme_entre_soc,IBGE Estrutura_Ocupacao_COD.xls,reproducao arquivada da ponte BLS ISCO08-SOC2010
6224,45-3021,0.1111111111111111,2,reparticao_uniforme_entre_soc,IBGE Estrutura_Ocupacao_COD.xls,reproducao arquivada da ponte BLS ISCO08-SOC2010
6225,45-1011,0.1111111111111111,2,reparticao_uniforme_entre_soc,IBGE Estrutura_Ocupacao_COD.xls,reproducao arquivada da ponte BLS ISCO08-SOC2010
6225,45-4011,0.1111111111111111,2,reparticao_uniforme_entre_soc,IBGE Estrutura_Ocupacao_COD.xls,reproducao arquivada da ponte BLS ISCO08-SOC2010
6225,45-4021,0.1111111111111111,2,reparticao_uniforme_entre_soc,IBGE Estrutura_Ocupacao_COD.xls,reproducao arquivada da ponte BLS ISCO08-SOC2010
6225,45-4022,0.1111111111111111,2,reparticao_uniforme_entre_soc,IBGE Estrutura_Ocupacao_COD.xls,reproducao arquivada da ponte BLS ISCO08-SOC2010
6225,45-4023,0.1111111111111111,2,reparticao_uniforme_entre_soc,IBGE Estrutura_Ocupacao_COD.xls,reproducao arquivada da ponte BLS ISCO08-SOC2010
6225,45-4029,0.1111111111111111,2,reparticao_uniforme_entre_soc,IBGE Estrutura_Ocupacao_COD.xls,reproducao arquivada da ponte BLS ISCO08-SOC2010
6225,45-2021,0.1111111111111111,2,reparticao_uniforme_entre_soc,IBGE Estrutura_Ocupacao_COD.xls,reproducao arquivada da ponte BLS ISCO08-SOC2010
6225,45-3011,0.1111111111111111,2,reparticao_uniforme_entre_soc,IBGE Estrutura_Ocupacao_COD.xls,reproducao arquivada da ponte BLS ISCO08-SOC2010
6225,45-3021,0.1111111111111111,2,reparticao_uniforme_entre_soc,IBGE Estrutura_Ocupacao_COD.xls,reproducao arquivada da ponte BLS ISCO08-SOC2010
7111,11-9021,1.0,4,reparticao_uniforme_entre_soc,IBGE Estrutura_Ocupacao_COD.xls,reproducao arquivada da ponte BLS ISCO08-SOC2010
7112,47-2021,0.5,4,reparticao_uniforme_entre_soc,IBGE Estrutura_Ocupacao_COD.xls,reproducao arquivada da ponte BLS ISCO08-SOC2010
7112,49-9045,0.5,4,reparticao_uniforme_entre_soc,IBGE Estrutura_Ocupacao_COD.xls,reproducao arquivada da ponte BLS ISCO08-SOC2010
7113,47-2022,0.5,4,reparticao_uniforme_entre_soc,IBGE Estrutura_Ocupacao_COD.xls,reproducao arquivada da ponte BLS ISCO08-SOC2010
7113,47-4091,0.5,4,reparticao_uniforme_entre_soc,IBGE Estrutura_Ocupacao_COD.xls,reproducao arquivada da ponte BLS ISCO08-SOC2010
7114,47-2051,0.3333333333333333,4,reparticao_uniforme_entre_soc,IBGE Estrutura_Ocupacao_COD.xls,reproducao arquivada da ponte BLS ISCO08-SOC2010
7114,47-2053,0.3333333333333333,4,reparticao_uniforme_entre_soc,IBGE Estrutura_Ocupacao_COD.xls,reproducao arquivada da ponte BLS ISCO08-SOC2010
7114,47-4091,0.3333333333333333,4,reparticao_uniforme_entre_soc,IBGE Estrutura_Ocupacao_COD.xls,reproducao arquivada da ponte BLS ISCO08-SOC2010
7115,47-2031,1.0,4,reparticao_uniforme_entre_soc,IBGE Estrutura_Ocupacao_COD.xls,reproducao arquivada da ponte BLS ISCO08-SOC2010
7119,47-2231,0.2,4,reparticao_uniforme_entre_soc,IBGE Estrutura_Ocupacao_COD.xls,reproducao arquivada da ponte BLS ISCO08-SOC2010
7119,47-4031,0.2,4,reparticao_uniforme_entre_soc,IBGE Estrutura_Ocupacao_COD.xls,reproducao arquivada da ponte BLS ISCO08-SOC2010
7119,47-4041,0.2,4,reparticao_uniforme_entre_soc,IBGE Estrutura_Ocupacao_COD.xls,reproducao arquivada da ponte BLS ISCO08-SOC2010
7119,47-4099,0.2,4,reparticao_uniforme_entre_soc,IBGE Estrutura_Ocupacao_COD.xls,reproducao arquivada da ponte BLS ISCO08-SOC2010
7119,49-9095,0.2,4,reparticao_uniforme_entre_soc,IBGE Estrutura_Ocupacao_COD.xls,reproducao arquivada da ponte BLS ISCO08-SOC2010
7121,47-2181,1.0,4,reparticao_uniforme_entre_soc,IBGE Estrutura_Ocupacao_COD.xls,reproducao arquivada da ponte BLS ISCO08-SOC2010
7122,47-2041,0.25,4,reparticao_uniforme_entre_soc,IBGE Estrutura_Ocupacao_COD.xls,reproducao arquivada da ponte BLS ISCO08-SOC2010
7122,47-2042,0.25,4,reparticao_uniforme_entre_soc,IBGE Estrutura_Ocupacao_COD.xls,reproducao arquivada da ponte BLS ISCO08-SOC2010
7122,47-2043,0.25,4,reparticao_uniforme_entre_soc,IBGE Estrutura_Ocupacao_COD.xls,reproducao arquivada da ponte BLS ISCO08-SOC2010
7122,47-2044,0.25,4,reparticao_uniforme_entre_soc,IBGE Estrutura_Ocupacao_COD.xls,reproducao arquivada da ponte BLS ISCO08-SOC2010
7123,47-2081,0.3333333333333333,4,reparticao_uniforme_entre_soc,IBGE Estrutura_Ocupacao_COD.xls,reproducao arquivada da ponte BLS ISCO08-SOC2010
7123,47-2082,0.3333333333333333,4,reparticao_uniforme_entre_soc,IBGE Estrutura_Ocupacao_COD.xls,reproducao arquivada da ponte BLS ISCO08-SOC2010
7123,47-2161,0.3333333333333333,4,reparticao_uniforme_entre_soc,IBGE Estrutura_Ocupacao_COD.xls,reproducao arquivada da ponte BLS ISCO08-SOC2010
7124,47-2131,0.5,4,reparticao_uniforme_entre_soc,IBGE Estrutura_Ocupacao_COD.xls,reproducao arquivada da ponte BLS ISCO08-SOC2010
7124,47-2132,0.5,4,reparticao_uniforme_entre_soc,IBGE Estrutura_Ocupacao_COD.xls,reproducao arquivada da ponte BLS ISCO08-SOC2010
7125,47-2121,1.0,4,reparticao_uniforme_entre_soc,IBGE Estrutura_Ocupacao_COD.xls,reproducao arquivada da ponte BLS ISCO08-SOC2010
7126,47-2151,0.5,4,reparticao_uniforme_entre_soc,IBGE Estrutura_Ocupacao_COD.xls,reproducao arquivada da ponte BLS ISCO08-SOC2010
7126,47-2152,0.5,4,reparticao_uniforme_entre_soc,IBGE Estrutura_Ocupacao_COD.xls,reproducao arquivada da ponte BLS ISCO08-SOC2010
7127,49-1011,0.5,4,reparticao_uniforme_entre_soc,IBGE Estrutura_Ocupacao_COD.xls,reproducao arquivada da ponte BLS ISCO08-SOC2010
7127,49-9021,0.5,4,reparticao_uniforme_entre_soc,IBGE Estrutura_Ocupacao_COD.xls,reproducao arquivada da ponte BLS ISCO08-SOC2010
7131,47-2141,0.5,4,reparticao_uniforme_entre_soc,IBGE Estrutura_Ocupacao_COD.xls,reproducao arquivada da ponte BLS ISCO08-SOC2010
7131,47-2142,0.5,4,reparticao_uniforme_entre_soc,IBGE Estrutura_Ocupacao_COD.xls,reproducao arquivada da ponte BLS ISCO08-SOC2010
7132,51-9121,0.5,4,reparticao_uniforme_entre_soc,IBGE Estrutura_Ocupacao_COD.xls,reproducao arquivada da ponte BLS ISCO08-SOC2010
7132,51-9122,0.5,4,reparticao_uniforme_entre_soc,IBGE Estrutura_Ocupacao_COD.xls,reproducao arquivada da ponte BLS ISCO08-SOC2010
7133,37-2019,1.0,4,reparticao_uniforme_entre_soc,IBGE Estrutura_Ocupacao_COD.xls,reproducao arquivada da ponte BLS ISCO08-SOC2010
7211,51-4071,0.5,4,reparticao_uniforme_entre_soc,IBGE Estrutura_Ocupacao_COD.xls,reproducao arquivada da ponte BLS ISCO08-SOC2010
7211,51-4072,0.5,4,reparticao_uniforme_entre_soc,IBGE Estrutura_Ocupacao_COD.xls,reproducao arquivada da ponte BLS ISCO08-SOC2010
7212,51-4121,0.5,4,reparticao_uniforme_entre_soc,IBGE Estrutura_Ocupacao_COD.xls,reproducao arquivada da ponte BLS ISCO08-SOC2010
7212,51-4122,0.5,4,reparticao_uniforme_entre_soc,IBGE Estrutura_Ocupacao_COD.xls,reproducao arquivada da ponte BLS ISCO08-SOC2010
7213,47-2011,0.3333333333333333,4,reparticao_uniforme_entre_soc,IBGE Estrutura_Ocupacao_COD.xls,reproducao arquivada da ponte BLS ISCO08-SOC2010
7213,47-2211,0.3333333333333333,4,reparticao_uniforme_entre_soc,IBGE Estrutura_Ocupacao_COD.xls,reproducao arquivada da ponte BLS ISCO08-SOC2010
7213,51-4192,0.3333333333333333,4,reparticao_uniforme_entre_soc,IBGE Estrutura_Ocupacao_COD.xls,reproducao arquivada da ponte BLS ISCO08-SOC2010
7214,47-2171,0.3333333333333333,4,reparticao_uniforme_entre_soc,IBGE Estrutura_Ocupacao_COD.xls,reproducao arquivada da ponte BLS ISCO08-SOC2010
7214,47-2221,0.3333333333333333,4,reparticao_uniforme_entre_soc,IBGE Estrutura_Ocupacao_COD.xls,reproducao arquivada da ponte BLS ISCO08-SOC2010
7214,51-2041,0.3333333333333333,4,reparticao_uniforme_entre_soc,IBGE Estrutura_Ocupacao_COD.xls,reproducao arquivada da ponte BLS ISCO08-SOC2010
7215,49-9096,1.0,4,reparticao_uniforme_entre_soc,IBGE Estrutura_Ocupacao_COD.xls,reproducao arquivada da ponte BLS ISCO08-SOC2010
7221,51-4022,0.5,4,reparticao_uniforme_entre_soc,IBGE Estrutura_Ocupacao_COD.xls,reproducao arquivada da ponte BLS ISCO08-SOC2010
7221,51-4199,0.5,4,reparticao_uniforme_entre_soc,IBGE Estrutura_Ocupacao_COD.xls,reproducao arquivada da ponte BLS ISCO08-SOC2010
7222,49-9094,0.16666666666666666,4,reparticao_uniforme_entre_soc,IBGE Estrutura_Ocupacao_COD.xls,reproducao arquivada da ponte BLS ISCO08-SOC2010
7222,51-4012,0.16666666666666666,4,reparticao_uniforme_entre_soc,IBGE Estrutura_Ocupacao_COD.xls,reproducao arquivada da ponte BLS ISCO08-SOC2010
7222,51-4061,0.16666666666666666,4,reparticao_uniforme_entre_soc,IBGE Estrutura_Ocupacao_COD.xls,reproducao arquivada da ponte BLS ISCO08-SOC2010
7222,51-4062,0.16666666666666666,4,reparticao_uniforme_entre_soc,IBGE Estrutura_Ocupacao_COD.xls,reproducao arquivada da ponte BLS ISCO08-SOC2010
7222,51-4111,0.16666666666666666,4,reparticao_uniforme_entre_soc,IBGE Estrutura_Ocupacao_COD.xls,reproducao arquivada da ponte BLS ISCO08-SOC2010
7222,51-4192,0.16666666666666666,4,reparticao_uniforme_entre_soc,IBGE Estrutura_Ocupacao_COD.xls,reproducao arquivada da ponte BLS ISCO08-SOC2010
7223,51-4011,0.08333333333333333,4,reparticao_uniforme_entre_soc,IBGE Estrutura_Ocupacao_COD.xls,reproducao arquivada da ponte BLS ISCO08-SOC2010
7223,51-4021,0.08333333333333333,4,reparticao_uniforme_entre_soc,IBGE Estrutura_Ocupacao_COD.xls,reproducao arquivada da ponte BLS ISCO08-SOC2010
7223,51-4022,0.08333333333333333,4,reparticao_uniforme_entre_soc,IBGE Estrutura_Ocupacao_COD.xls,reproducao arquivada da ponte BLS ISCO08-SOC2010
7223,51-4023,0.08333333333333333,4,reparticao_uniforme_entre_soc,IBGE Estrutura_Ocupacao_COD.xls,reproducao arquivada da ponte BLS ISCO08-SOC2010
7223,51-4031,0.08333333333333333,4,reparticao_uniforme_entre_soc,IBGE Estrutura_Ocupacao_COD.xls,reproducao arquivada da ponte BLS ISCO08-SOC2010
7223,51-4032,0.08333333333333333,4,reparticao_uniforme_entre_soc,IBGE Estrutura_Ocupacao_COD.xls,reproducao arquivada da ponte BLS ISCO08-SOC2010
7223,51-4033,0.08333333333333333,4,reparticao_uniforme_entre_soc,IBGE Estrutura_Ocupacao_COD.xls,reproducao arquivada da ponte BLS ISCO08-SOC2010
7223,51-4034,0.08333333333333333,4,reparticao_uniforme_entre_soc,IBGE Estrutura_Ocupacao_COD.xls,reproducao arquivada da ponte BLS ISCO08-SOC2010
7223,51-4035,0.08333333333333333,4,reparticao_uniforme_entre_soc,IBGE Estrutura_Ocupacao_COD.xls,reproducao arquivada da ponte BLS ISCO08-SOC2010
7223,51-4041,0.08333333333333333,4,reparticao_uniforme_entre_soc,IBGE Estrutura_Ocupacao_COD.xls,reproducao arquivada da ponte BLS ISCO08-SOC2010
7223,51-4081,0.08333333333333333,4,reparticao_uniforme_entre_soc,IBGE Estrutura_Ocupacao_COD.xls,reproducao arquivada da ponte BLS ISCO08-SOC2010
7223,51-4199,0.08333333333333333,4,reparticao_uniforme_entre_soc,IBGE Estrutura_Ocupacao_COD.xls,reproducao arquivada da ponte BLS ISCO08-SOC2010
7224,51-4194,0.5,4,reparticao_uniforme_entre_soc,IBGE Estrutura_Ocupacao_COD.xls,reproducao arquivada da ponte BLS ISCO08-SOC2010
7224,51-9022,0.5,4,reparticao_uniforme_entre_soc,IBGE Estrutura_Ocupacao_COD.xls,reproducao arquivada da ponte BLS ISCO08-SOC2010
7231,49-1011,0.1,4,reparticao_uniforme_entre_soc,IBGE Estrutura_Ocupacao_COD.xls,reproducao arquivada da ponte BLS ISCO08-SOC2010
7231,49-3021,0.1,4,reparticao_uniforme_entre_soc,IBGE Estrutura_Ocupacao_COD.xls,reproducao arquivada da ponte BLS ISCO08-SOC2010
7231,49-3022,0.1,4,reparticao_uniforme_entre_soc,IBGE Estrutura_Ocupacao_COD.xls,reproducao arquivada da ponte BLS ISCO08-SOC2010
7231,49-3023,0.1,4,reparticao_uniforme_entre_soc,IBGE Estrutura_Ocupacao_COD.xls,reproducao arquivada da ponte BLS ISCO08-SOC2010
7231,49-3031,0.1,4,reparticao_uniforme_entre_soc,IBGE Estrutura_Ocupacao_COD.xls,reproducao arquivada da ponte BLS ISCO08-SOC2010
7231,49-3051,0.1,4,reparticao_uniforme_entre_soc,IBGE Estrutura_Ocupacao_COD.xls,reproducao arquivada da ponte BLS ISCO08-SOC2010
7231,49-3052,0.1,4,reparticao_uniforme_entre_soc,IBGE Estrutura_Ocupacao_COD.xls,reproducao arquivada da ponte BLS ISCO08-SOC2010
7231,49-3053,0.1,4,reparticao_uniforme_entre_soc,IBGE Estrutura_Ocupacao_COD.xls,reproducao arquivada da ponte BLS ISCO08-SOC2010
7231,49-3092,0.1,4,reparticao_uniforme_entre_soc,IBGE Estrutura_Ocupacao_COD.xls,reproducao arquivada da ponte BLS ISCO08-SOC2010
7231,49-3093,0.1,4,reparticao_uniforme_entre_soc,IBGE Estrutura_Ocupacao_COD.xls,reproducao arquivada da ponte BLS ISCO08-SOC2010
7232,49-1011,0.5,4,reparticao_uniforme_entre_soc,IBGE Estrutura_Ocupacao_COD.xls,reproducao arquivada da ponte BLS ISCO08-SOC2010
7232,49-3011,0.5,4,reparticao_uniforme_entre_soc,IBGE Estrutura_Ocupacao_COD.xls,reproducao arquivada da ponte BLS ISCO08-SOC2010
7233,49-1011,0.1111111111111111,4,reparticao_uniforme_entre_soc,IBGE Estrutura_Ocupacao_COD.xls,reproducao arquivada da ponte BLS ISCO08-SOC2010
7233,49-3041,0.1111111111111111,4,reparticao_uniforme_entre_soc,IBGE Estrutura_Ocupacao_COD.xls,reproducao arquivada da ponte BLS ISCO08-SOC2010
7233,49-3042,0.1111111111111111,4,reparticao_uniforme_entre_soc,IBGE Estrutura_Ocupacao_COD.xls,reproducao arquivada da ponte BLS ISCO08-SOC2010
7233,49-3043,0.1111111111111111,4,reparticao_uniforme_entre_soc,IBGE Estrutura_Ocupacao_COD.xls,reproducao arquivada da ponte BLS ISCO08-SOC2010
7233,49-9041,0.1111111111111111,4,reparticao_uniforme_entre_soc,IBGE Estrutura_Ocupacao_COD.xls,reproducao arquivada da ponte BLS ISCO08-SOC2010
7233,49-9043,0.1111111111111111,4,reparticao_uniforme_entre_soc,IBGE Estrutura_Ocupacao_COD.xls,reproducao arquivada da ponte BLS ISCO08-SOC2010
7233,49-9044,0.1111111111111111,4,reparticao_uniforme_entre_soc,IBGE Estrutura_Ocupacao_COD.xls,reproducao arquivada da ponte BLS ISCO08-SOC2010
7233,49-9045,0.1111111111111111,4,reparticao_uniforme_entre_soc,IBGE Estrutura_Ocupacao_COD.xls,reproducao arquivada da ponte BLS ISCO08-SOC2010
7233,49-9081,0.1111111111111111,4,reparticao_uniforme_entre_soc,IBGE Estrutura_Ocupacao_COD.xls,reproducao arquivada da ponte BLS ISCO08-SOC2010
7234,49-1011,0.5,4,reparticao_uniforme_entre_soc,IBGE Estrutura_Ocupacao_COD.xls,reproducao arquivada da ponte BLS ISCO08-SOC2010
7234,49-3091,0.5,4,reparticao_uniforme_entre_soc,IBGE Estrutura_Ocupacao_COD.xls,reproducao arquivada da ponte BLS ISCO08-SOC2010
7311,49-1011,0.2,4,reparticao_uniforme_entre_soc,IBGE Estrutura_Ocupacao_COD.xls,reproducao arquivada da ponte BLS ISCO08-SOC2010
7311,49-9061,0.2,4,reparticao_uniforme_entre_soc,IBGE Estrutura_Ocupacao_COD.xls,reproducao arquivada da ponte BLS ISCO08-SOC2010
7311,49-9062,0.2,4,reparticao_uniforme_entre_soc,IBGE Estrutura_Ocupacao_COD.xls,reproducao arquivada da ponte BLS ISCO08-SOC2010
7311,49-9064,0.2,4,reparticao_uniforme_entre_soc,IBGE Estrutura_Ocupacao_COD.xls,reproducao arquivada da ponte BLS ISCO08-SOC2010
7311,49-9069,0.2,4,reparticao_uniforme_entre_soc,IBGE Estrutura_Ocupacao_COD.xls,reproducao arquivada da ponte BLS ISCO08-SOC2010
7312,49-1011,0.5,4,reparticao_uniforme_entre_soc,IBGE Estrutura_Ocupacao_COD.xls,reproducao arquivada da ponte BLS ISCO08-SOC2010
7312,49-9063,0.5,4,reparticao_uniforme_entre_soc,IBGE Estrutura_Ocupacao_COD.xls,reproducao arquivada da ponte BLS ISCO08-SOC2010
7313,51-9071,1.0,4,reparticao_uniforme_entre_soc,IBGE Estrutura_Ocupacao_COD.xls,reproducao arquivada da ponte BLS ISCO08-SOC2010
7314,27-1012,0.5,4,reparticao_uniforme_entre_soc,IBGE Estrutura_Ocupacao_COD.xls,reproducao arquivada da ponte BLS ISCO08-SOC2010
7314,51-9195,0.5,4,reparticao_uniforme_entre_soc,IBGE Estrutura_Ocupacao_COD.xls,reproducao arquivada da ponte BLS ISCO08-SOC2010
7315,51-9022,0.3333333333333333,4,reparticao_uniforme_entre_soc,IBGE Estrutura_Ocupacao_COD.xls,reproducao arquivada da ponte BLS ISCO08-SOC2010
7315,51-9031,0.3333333333333333,4,reparticao_uniforme_entre_soc,IBGE Estrutura_Ocupacao_COD.xls,reproducao arquivada da ponte BLS ISCO08-SOC2010
7315,51-9195,0.3333333333333333,4,reparticao_uniforme_entre_soc,IBGE Estrutura_Ocupacao_COD.xls,reproducao arquivada da ponte BLS ISCO08-SOC2010
7316,51-9123,0.5,4,reparticao_uniforme_entre_soc,IBGE Estrutura_Ocupacao_COD.xls,reproducao arquivada da ponte BLS ISCO08-SOC2010
7316,51-9194,0.5,4,reparticao_uniforme_entre_soc,IBGE Estrutura_Ocupacao_COD.xls,reproducao arquivada da ponte BLS ISCO08-SOC2010
7317,27-1012,0.5,4,reparticao_uniforme_entre_soc,IBGE Estrutura_Ocupacao_COD.xls,reproducao arquivada da ponte BLS ISCO08-SOC2010
7317,51-7099,0.5,4,reparticao_uniforme_entre_soc,IBGE Estrutura_Ocupacao_COD.xls,reproducao arquivada da ponte BLS ISCO08-SOC2010
7318,51-6041,1.0,4,reparticao_uniforme_entre_soc,IBGE Estrutura_Ocupacao_COD.xls,reproducao arquivada da ponte BLS ISCO08-SOC2010
7319,27-1012,1.0,4,reparticao_uniforme_entre_soc,IBGE Estrutura_Ocupacao_COD.xls,reproducao arquivada da ponte BLS ISCO08-SOC2010
7321,43-9031,0.5,4,reparticao_uniforme_entre_soc,IBGE Estrutura_Ocupacao_COD.xls,reproducao arquivada da ponte BLS ISCO08-SOC2010
7321,51-5111,0.5,4,reparticao_uniforme_entre_soc,IBGE Estrutura_Ocupacao_COD.xls,reproducao arquivada da ponte BLS ISCO08-SOC2010
7322,51-5112,1.0,4,reparticao_uniforme_entre_soc,IBGE Estrutura_Ocupacao_COD.xls,reproducao arquivada da ponte BLS ISCO08-SOC2010
7323,51-5113,1.0,4,reparticao_uniforme_entre_soc,IBGE Estrutura_Ocupacao_COD.xls,reproducao arquivada da ponte BLS ISCO08-SOC2010
7411,47-2111,0.5,4,reparticao_uniforme_entre_soc,IBGE Estrutura_Ocupacao_COD.xls,reproducao arquivada da ponte BLS ISCO08-SOC2010
7411,47-2231,0.5,4,reparticao_uniforme_entre_soc,IBGE Estrutura_Ocupacao_COD.xls,reproducao arquivada da ponte BLS ISCO08-SOC2010
7412,47-4021,0.07692307692307693,4,reparticao_uniforme_entre_soc,IBGE Estrutura_Ocupacao_COD.xls,reproducao arquivada da ponte BLS ISCO08-SOC2010
7412,49-1011,0.07692307692307693,4,reparticao_uniforme_entre_soc,IBGE Estrutura_Ocupacao_COD.xls,reproducao arquivada da ponte BLS ISCO08-SOC2010
7412,49-2092,0.07692307692307693,4,reparticao_uniforme_entre_soc,IBGE Estrutura_Ocupacao_COD.xls,reproducao arquivada da ponte BLS ISCO08-SOC2010
7412,49-2093,0.07692307692307693,4,reparticao_uniforme_entre_soc,IBGE Estrutura_Ocupacao_COD.xls,reproducao arquivada da ponte BLS ISCO08-SOC2010
7412,49-2094,0.07692307692307693,4,reparticao_uniforme_entre_soc,IBGE Estrutura_Ocupacao_COD.xls,reproducao arquivada da ponte BLS ISCO08-SOC2010
7412,49-2095,0.07692307692307693,4,reparticao_uniforme_entre_soc,IBGE Estrutura_Ocupacao_COD.xls,reproducao arquivada da ponte BLS ISCO08-SOC2010
7412,49-2096,0.07692307692307693,4,reparticao_uniforme_entre_soc,IBGE Estrutura_Ocupacao_COD.xls,reproducao arquivada da ponte BLS ISCO08-SOC2010
7412,49-2098,0.07692307692307693,4,reparticao_uniforme_entre_soc,IBGE Estrutura_Ocupacao_COD.xls,reproducao arquivada da ponte BLS ISCO08-SOC2010
7412,49-3053,0.07692307692307693,4,reparticao_uniforme_entre_soc,IBGE Estrutura_Ocupacao_COD.xls,reproducao arquivada da ponte BLS ISCO08-SOC2010
7412,49-9011,0.07692307692307693,4,reparticao_uniforme_entre_soc,IBGE Estrutura_Ocupacao_COD.xls,reproducao arquivada da ponte BLS ISCO08-SOC2010
7412,49-9012,0.07692307692307693,4,reparticao_uniforme_entre_soc,IBGE Estrutura_Ocupacao_COD.xls,reproducao arquivada da ponte BLS ISCO08-SOC2010
7412,49-9031,0.07692307692307693,4,reparticao_uniforme_entre_soc,IBGE Estrutura_Ocupacao_COD.xls,reproducao arquivada da ponte BLS ISCO08-SOC2010
7412,49-9097,0.07692307692307693,4,reparticao_uniforme_entre_soc,IBGE Estrutura_Ocupacao_COD.xls,reproducao arquivada da ponte BLS ISCO08-SOC2010
7413,49-1011,0.5,4,reparticao_uniforme_entre_soc,IBGE Estrutura_Ocupacao_COD.xls,reproducao arquivada da ponte BLS ISCO08-SOC2010
7413,49-9051,0.5,4,reparticao_uniforme_entre_soc,IBGE Estrutura_Ocupacao_COD.xls,reproducao arquivada da ponte BLS ISCO08-SOC2010
7421,49-1011,0.14285714285714285,4,reparticao_uniforme_entre_soc,IBGE Estrutura_Ocupacao_COD.xls,reproducao arquivada da ponte BLS ISCO08-SOC2010
7421,49-2011,0.14285714285714285,4,reparticao_uniforme_entre_soc,IBGE Estrutura_Ocupacao_COD.xls,reproducao arquivada da ponte BLS ISCO08-SOC2010
7421,49-2091,0.14285714285714285,4,reparticao_uniforme_entre_soc,IBGE Estrutura_Ocupacao_COD.xls,reproducao arquivada da ponte BLS ISCO08-SOC2010
7421,49-2093,0.14285714285714285,4,reparticao_uniforme_entre_soc,IBGE Estrutura_Ocupacao_COD.xls,reproducao arquivada da ponte BLS ISCO08-SOC2010
7421,49-2094,0.14285714285714285,4,reparticao_uniforme_entre_soc,IBGE Estrutura_Ocupacao_COD.xls,reproducao arquivada da ponte BLS ISCO08-SOC2010
7421,49-2095,0.14285714285714285,4,reparticao_uniforme_entre_soc,IBGE Estrutura_Ocupacao_COD.xls,reproducao arquivada da ponte BLS ISCO08-SOC2010
7421,49-2096,0.14285714285714285,4,reparticao_uniforme_entre_soc,IBGE Estrutura_Ocupacao_COD.xls,reproducao arquivada da ponte BLS ISCO08-SOC2010
7422,49-1011,0.14285714285714285,4,reparticao_uniforme_entre_soc,IBGE Estrutura_Ocupacao_COD.xls,reproducao arquivada da ponte BLS ISCO08-SOC2010
7422,49-2011,0.14285714285714285,4,reparticao_uniforme_entre_soc,IBGE Estrutura_Ocupacao_COD.xls,reproducao arquivada da ponte BLS ISCO08-SOC2010
7422,49-2021,0.14285714285714285,4,reparticao_uniforme_entre_soc,IBGE Estrutura_Ocupacao_COD.xls,reproducao arquivada da ponte BLS ISCO08-SOC2010
7422,49-2022,0.14285714285714285,4,reparticao_uniforme_entre_soc,IBGE Estrutura_Ocupacao_COD.xls,reproducao arquivada da ponte BLS ISCO08-SOC2010
7422,49-2093,0.14285714285714285,4,reparticao_uniforme_entre_soc,IBGE Estrutura_Ocupacao_COD.xls,reproducao arquivada da ponte BLS ISCO08-SOC2010
7422,49-9052,0.14285714285714285,4,reparticao_uniforme_entre_soc,IBGE Estrutura_Ocupacao_COD.xls,reproducao arquivada da ponte BLS ISCO08-SOC2010
7422,49-2097,0.14285714285714285,4,reparticao_uniforme_entre_soc,IBGE Estrutura_Ocupacao_COD.xls,reproducao arquivada da ponte BLS ISCO08-SOC2010
7511,51-3021,0.25,4,reparticao_uniforme_entre_soc,IBGE Estrutura_Ocupacao_COD.xls,reproducao arquivada da ponte BLS ISCO08-SOC2010
7511,51-3022,0.25,4,reparticao_uniforme_entre_soc,IBGE Estrutura_Ocupacao_COD.xls,reproducao arquivada da ponte BLS ISCO08-SOC2010
7511,51-3023,0.25,4,reparticao_uniforme_entre_soc,IBGE Estrutura_Ocupacao_COD.xls,reproducao arquivada da ponte BLS ISCO08-SOC2010
7511,51-3091,0.25,4,reparticao_uniforme_entre_soc,IBGE Estrutura_Ocupacao_COD.xls,reproducao arquivada da ponte BLS ISCO08-SOC2010
7512,51-3011,1.0,4,reparticao_uniforme_entre_soc,IBGE Estrutura_Ocupacao_COD.xls,reproducao arquivada da ponte BLS ISCO08-SOC2010
7513,51-3092,0.5,4,reparticao_uniforme_entre_soc,IBGE Estrutura_Ocupacao_COD.xls,reproducao arquivada da ponte BLS ISCO08-SOC2010
7513,51-9012,0.5,4,reparticao_uniforme_entre_soc,IBGE Estrutura_Ocupacao_COD.xls,reproducao arquivada da ponte BLS ISCO08-SOC2010
7514,51-3093,0.5,4,reparticao_uniforme_entre_soc,IBGE Estrutura_Ocupacao_COD.xls,reproducao arquivada da ponte BLS ISCO08-SOC2010
7514,51-3099,0.5,4,reparticao_uniforme_entre_soc,IBGE Estrutura_Ocupacao_COD.xls,reproducao arquivada da ponte BLS ISCO08-SOC2010
7515,45-2011,0.5,4,reparticao_uniforme_entre_soc,IBGE Estrutura_Ocupacao_COD.xls,reproducao arquivada da ponte BLS ISCO08-SOC2010
7515,45-2041,0.5,4,reparticao_uniforme_entre_soc,IBGE Estrutura_Ocupacao_COD.xls,reproducao arquivada da ponte BLS ISCO08-SOC2010
7516,45-2041,0.3333333333333333,4,reparticao_uniforme_entre_soc,IBGE Estrutura_Ocupacao_COD.xls,reproducao arquivada da ponte BLS ISCO08-SOC2010
7516,51-9041,0.3333333333333333,4,reparticao_uniforme_entre_soc,IBGE Estrutura_Ocupacao_COD.xls,reproducao arquivada da ponte BLS ISCO08-SOC2010
7516,51-9195,0.3333333333333333,4,reparticao_uniforme_entre_soc,IBGE Estrutura_Ocupacao_COD.xls,reproducao arquivada da ponte BLS ISCO08-SOC2010
7521,51-9051,0.5,4,reparticao_uniforme_entre_soc,IBGE Estrutura_Ocupacao_COD.xls,reproducao arquivada da ponte BLS ISCO08-SOC2010
7521,51-9191,0.5,4,reparticao_uniforme_entre_soc,IBGE Estrutura_Ocupacao_COD.xls,reproducao arquivada da ponte BLS ISCO08-SOC2010
7522,51-7011,0.25,4,reparticao_uniforme_entre_soc,IBGE Estrutura_Ocupacao_COD.xls,reproducao arquivada da ponte BLS ISCO08-SOC2010
7522,51-7021,0.25,4,reparticao_uniforme_entre_soc,IBGE Estrutura_Ocupacao_COD.xls,reproducao arquivada da ponte BLS ISCO08-SOC2010
7522,51-7031,0.25,4,reparticao_uniforme_entre_soc,IBGE Estrutura_Ocupacao_COD.xls,reproducao arquivada da ponte BLS ISCO08-SOC2010
7522,51-7032,0.25,4,reparticao_uniforme_entre_soc,IBGE Estrutura_Ocupacao_COD.xls,reproducao arquivada da ponte BLS ISCO08-SOC2010
7523,51-7042,1.0,4,reparticao_uniforme_entre_soc,IBGE Estrutura_Ocupacao_COD.xls,reproducao arquivada da ponte BLS ISCO08-SOC2010
7531,51-6052,1.0,4,reparticao_uniforme_entre_soc,IBGE Estrutura_Ocupacao_COD.xls,reproducao arquivada da ponte BLS ISCO08-SOC2010
7532,51-6062,0.3333333333333333,4,reparticao_uniforme_entre_soc,IBGE Estrutura_Ocupacao_COD.xls,reproducao arquivada da ponte BLS ISCO08-SOC2010
7532,51-6092,0.3333333333333333,4,reparticao_uniforme_entre_soc,IBGE Estrutura_Ocupacao_COD.xls,reproducao arquivada da ponte BLS ISCO08-SOC2010
7532,51-9031,0.3333333333333333,4,reparticao_uniforme_entre_soc,IBGE Estrutura_Ocupacao_COD.xls,reproducao arquivada da ponte BLS ISCO08-SOC2010
7533,49-9093,0.3333333333333333,4,reparticao_uniforme_entre_soc,IBGE Estrutura_Ocupacao_COD.xls,reproducao arquivada da ponte BLS ISCO08-SOC2010
7533,51-6041,0.3333333333333333,4,reparticao_uniforme_entre_soc,IBGE Estrutura_Ocupacao_COD.xls,reproducao arquivada da ponte BLS ISCO08-SOC2010
7533,51-6051,0.3333333333333333,4,reparticao_uniforme_entre_soc,IBGE Estrutura_Ocupacao_COD.xls,reproducao arquivada da ponte BLS ISCO08-SOC2010
7534,51-6093,1.0,4,reparticao_uniforme_entre_soc,IBGE Estrutura_Ocupacao_COD.xls,reproducao arquivada da ponte BLS ISCO08-SOC2010
7535,45-2041,0.5,4,reparticao_uniforme_entre_soc,IBGE Estrutura_Ocupacao_COD.xls,reproducao arquivada da ponte BLS ISCO08-SOC2010
7535,51-6099,0.5,4,reparticao_uniforme_entre_soc,IBGE Estrutura_Ocupacao_COD.xls,reproducao arquivada da ponte BLS ISCO08-SOC2010
7536,51-6041,1.0,4,reparticao_uniforme_entre_soc,IBGE Estrutura_Ocupacao_COD.xls,reproducao arquivada da ponte BLS ISCO08-SOC2010
7541,49-9092,1.0,4,reparticao_uniforme_entre_soc,IBGE Estrutura_Ocupacao_COD.xls,reproducao arquivada da ponte BLS ISCO08-SOC2010
7542,47-5031,1.0,4,reparticao_uniforme_entre_soc,IBGE Estrutura_Ocupacao_COD.xls,reproducao arquivada da ponte BLS ISCO08-SOC2010
7543,51-9061,1.0,4,reparticao_uniforme_entre_soc,IBGE Estrutura_Ocupacao_COD.xls,reproducao arquivada da ponte BLS ISCO08-SOC2010
7544,37-1012,0.3333333333333333,4,reparticao_uniforme_entre_soc,IBGE Estrutura_Ocupacao_COD.xls,reproducao arquivada da ponte BLS ISCO08-SOC2010
7544,37-2021,0.3333333333333333,4,reparticao_uniforme_entre_soc,IBGE Estrutura_Ocupacao_COD.xls,reproducao arquivada da ponte BLS ISCO08-SOC2010
7544,37-3012,0.3333333333333333,4,reparticao_uniforme_entre_soc,IBGE Estrutura_Ocupacao_COD.xls,reproducao arquivada da ponte BLS ISCO08-SOC2010
7549,27-1023,0.5,4,reparticao_uniforme_entre_soc,IBGE Estrutura_Ocupacao_COD.xls,reproducao arquivada da ponte BLS ISCO08-SOC2010
7549,51-9083,0.5,4,reparticao_uniforme_entre_soc,IBGE Estrutura_Ocupacao_COD.xls,reproducao arquivada da ponte BLS ISCO08-SOC2010
8111,47-5021,0.125,4,reparticao_uniforme_entre_soc,IBGE Estrutura_Ocupacao_COD.xls,reproducao arquivada da ponte BLS ISCO08-SOC2010
8111,47-5041,0.125,4,reparticao_uniforme_entre_soc,IBGE Estrutura_Ocupacao_COD.xls,reproducao arquivada da ponte BLS ISCO08-SOC2010
8111,47-5042,0.125,4,reparticao_uniforme_entre_soc,IBGE Estrutura_Ocupacao_COD.xls,reproducao arquivada da ponte BLS ISCO08-SOC2010
8111,47-5049,0.125,4,reparticao_uniforme_entre_soc,IBGE Estrutura_Ocupacao_COD.xls,reproducao arquivada da ponte BLS ISCO08-SOC2010
8111,47-5051,0.125,4,reparticao_uniforme_entre_soc,IBGE Estrutura_Ocupacao_COD.xls,reproducao arquivada da ponte BLS ISCO08-SOC2010
8111,47-5061,0.125,4,reparticao_uniforme_entre_soc,IBGE Estrutura_Ocupacao_COD.xls,reproducao arquivada da ponte BLS ISCO08-SOC2010
8111,53-7032,0.125,4,reparticao_uniforme_entre_soc,IBGE Estrutura_Ocupacao_COD.xls,reproducao arquivada da ponte BLS ISCO08-SOC2010
8111,53-7033,0.125,4,reparticao_uniforme_entre_soc,IBGE Estrutura_Ocupacao_COD.xls,reproducao arquivada da ponte BLS ISCO08-SOC2010
8112,51-9021,0.5,4,reparticao_uniforme_entre_soc,IBGE Estrutura_Ocupacao_COD.xls,reproducao arquivada da ponte BLS ISCO08-SOC2010
8112,51-9192,0.5,4,reparticao_uniforme_entre_soc,IBGE Estrutura_Ocupacao_COD.xls,reproducao arquivada da ponte BLS ISCO08-SOC2010
8113,47-5011,0.16666666666666666,4,reparticao_uniforme_entre_soc,IBGE Estrutura_Ocupacao_COD.xls,reproducao arquivada da ponte BLS ISCO08-SOC2010
8113,47-5012,0.16666666666666666,4,reparticao_uniforme_entre_soc,IBGE Estrutura_Ocupacao_COD.xls,reproducao arquivada da ponte BLS ISCO08-SOC2010
8113,47-5013,0.16666666666666666,4,reparticao_uniforme_entre_soc,IBGE Estrutura_Ocupacao_COD.xls,reproducao arquivada da ponte BLS ISCO08-SOC2010
8113,47-5021,0.16666666666666666,4,reparticao_uniforme_entre_soc,IBGE Estrutura_Ocupacao_COD.xls,reproducao arquivada da ponte BLS ISCO08-SOC2010
8113,47-5071,0.16666666666666666,4,reparticao_uniforme_entre_soc,IBGE Estrutura_Ocupacao_COD.xls,reproducao arquivada da ponte BLS ISCO08-SOC2010
8113,53-7073,0.16666666666666666,4,reparticao_uniforme_entre_soc,IBGE Estrutura_Ocupacao_COD.xls,reproducao arquivada da ponte BLS ISCO08-SOC2010
8114,51-8099,0.25,4,reparticao_uniforme_entre_soc,IBGE Estrutura_Ocupacao_COD.xls,reproducao arquivada da ponte BLS ISCO08-SOC2010
8114,51-9021,0.25,4,reparticao_uniforme_entre_soc,IBGE Estrutura_Ocupacao_COD.xls,reproducao arquivada da ponte BLS ISCO08-SOC2010
8114,51-9023,0.25,4,reparticao_uniforme_entre_soc,IBGE Estrutura_Ocupacao_COD.xls,reproducao arquivada da ponte BLS ISCO08-SOC2010
8114,51-9032,0.25,4,reparticao_uniforme_entre_soc,IBGE Estrutura_Ocupacao_COD.xls,reproducao arquivada da ponte BLS ISCO08-SOC2010
8121,51-4021,0.2,4,reparticao_uniforme_entre_soc,IBGE Estrutura_Ocupacao_COD.xls,reproducao arquivada da ponte BLS ISCO08-SOC2010
8121,51-4023,0.2,4,reparticao_uniforme_entre_soc,IBGE Estrutura_Ocupacao_COD.xls,reproducao arquivada da ponte BLS ISCO08-SOC2010
8121,51-4051,0.2,4,reparticao_uniforme_entre_soc,IBGE Estrutura_Ocupacao_COD.xls,reproducao arquivada da ponte BLS ISCO08-SOC2010
8121,51-4052,0.2,4,reparticao_uniforme_entre_soc,IBGE Estrutura_Ocupacao_COD.xls,reproducao arquivada da ponte BLS ISCO08-SOC2010
8121,51-4191,0.2,4,reparticao_uniforme_entre_soc,IBGE Estrutura_Ocupacao_COD.xls,reproducao arquivada da ponte BLS ISCO08-SOC2010
8122,51-4193,0.3333333333333333,4,reparticao_uniforme_entre_soc,IBGE Estrutura_Ocupacao_COD.xls,reproducao arquivada da ponte BLS ISCO08-SOC2010
8122,51-9121,0.3333333333333333,4,reparticao_uniforme_entre_soc,IBGE Estrutura_Ocupacao_COD.xls,reproducao arquivada da ponte BLS ISCO08-SOC2010
8122,51-9192,0.3333333333333333,4,reparticao_uniforme_entre_soc,IBGE Estrutura_Ocupacao_COD.xls,reproducao arquivada da ponte BLS ISCO08-SOC2010
8131,51-9011,0.3333333333333333,4,reparticao_uniforme_entre_soc,IBGE Estrutura_Ocupacao_COD.xls,reproducao arquivada da ponte BLS ISCO08-SOC2010
8131,51-9012,0.3333333333333333,4,reparticao_uniforme_entre_soc,IBGE Estrutura_Ocupacao_COD.xls,reproducao arquivada da ponte BLS ISCO08-SOC2010
8131,51-9195,0.3333333333333333,4,reparticao_uniforme_entre_soc,IBGE Estrutura_Ocupacao_COD.xls,reproducao arquivada da ponte BLS ISCO08-SOC2010
8132,51-9151,1.0,4,reparticao_uniforme_entre_soc,IBGE Estrutura_Ocupacao_COD.xls,reproducao arquivada da ponte BLS ISCO08-SOC2010
8141,51-9021,0.2,4,reparticao_uniforme_entre_soc,IBGE Estrutura_Ocupacao_COD.xls,reproducao arquivada da ponte BLS ISCO08-SOC2010
8141,51-9041,0.2,4,reparticao_uniforme_entre_soc,IBGE Estrutura_Ocupacao_COD.xls,reproducao arquivada da ponte BLS ISCO08-SOC2010
8141,51-9051,0.2,4,reparticao_uniforme_entre_soc,IBGE Estrutura_Ocupacao_COD.xls,reproducao arquivada da ponte BLS ISCO08-SOC2010
8141,51-9195,0.2,4,reparticao_uniforme_entre_soc,IBGE Estrutura_Ocupacao_COD.xls,reproducao arquivada da ponte BLS ISCO08-SOC2010
8141,51-9197,0.2,4,reparticao_uniforme_entre_soc,IBGE Estrutura_Ocupacao_COD.xls,reproducao arquivada da ponte BLS ISCO08-SOC2010
8142,51-2091,0.07692307692307693,4,reparticao_uniforme_entre_soc,IBGE Estrutura_Ocupacao_COD.xls,reproducao arquivada da ponte BLS ISCO08-SOC2010
8142,51-4021,0.07692307692307693,4,reparticao_uniforme_entre_soc,IBGE Estrutura_Ocupacao_COD.xls,reproducao arquivada da ponte BLS ISCO08-SOC2010
8142,51-4022,0.07692307692307693,4,reparticao_uniforme_entre_soc,IBGE Estrutura_Ocupacao_COD.xls,reproducao arquivada da ponte BLS ISCO08-SOC2010
8142,51-4023,0.07692307692307693,4,reparticao_uniforme_entre_soc,IBGE Estrutura_Ocupacao_COD.xls,reproducao arquivada da ponte BLS ISCO08-SOC2010
8142,51-4031,0.07692307692307693,4,reparticao_uniforme_entre_soc,IBGE Estrutura_Ocupacao_COD.xls,reproducao arquivada da ponte BLS ISCO08-SOC2010
8142,51-4032,0.07692307692307693,4,reparticao_uniforme_entre_soc,IBGE Estrutura_Ocupacao_COD.xls,reproducao arquivada da ponte BLS ISCO08-SOC2010
8142,51-4033,0.07692307692307693,4,reparticao_uniforme_entre_soc,IBGE Estrutura_Ocupacao_COD.xls,reproducao arquivada da ponte BLS ISCO08-SOC2010
8142,51-4034,0.07692307692307693,4,reparticao_uniforme_entre_soc,IBGE Estrutura_Ocupacao_COD.xls,reproducao arquivada da ponte BLS ISCO08-SOC2010
8142,51-4035,0.07692307692307693,4,reparticao_uniforme_entre_soc,IBGE Estrutura_Ocupacao_COD.xls,reproducao arquivada da ponte BLS ISCO08-SOC2010
8142,51-4072,0.07692307692307693,4,reparticao_uniforme_entre_soc,IBGE Estrutura_Ocupacao_COD.xls,reproducao arquivada da ponte BLS ISCO08-SOC2010
8142,51-4191,0.07692307692307693,4,reparticao_uniforme_entre_soc,IBGE Estrutura_Ocupacao_COD.xls,reproducao arquivada da ponte BLS ISCO08-SOC2010
8142,51-4193,0.07692307692307693,4,reparticao_uniforme_entre_soc,IBGE Estrutura_Ocupacao_COD.xls,reproducao arquivada da ponte BLS ISCO08-SOC2010
8142,51-4199,0.07692307692307693,4,reparticao_uniforme_entre_soc,IBGE Estrutura_Ocupacao_COD.xls,reproducao arquivada da ponte BLS ISCO08-SOC2010
8143,51-9191,0.5,4,reparticao_uniforme_entre_soc,IBGE Estrutura_Ocupacao_COD.xls,reproducao arquivada da ponte BLS ISCO08-SOC2010
8143,51-9196,0.5,4,reparticao_uniforme_entre_soc,IBGE Estrutura_Ocupacao_COD.xls,reproducao arquivada da ponte BLS ISCO08-SOC2010
8151,51-6064,1.0,4,reparticao_uniforme_entre_soc,IBGE Estrutura_Ocupacao_COD.xls,reproducao arquivada da ponte BLS ISCO08-SOC2010
8152,51-6063,1.0,4,reparticao_uniforme_entre_soc,IBGE Estrutura_Ocupacao_COD.xls,reproducao arquivada da ponte BLS ISCO08-SOC2010
8153,51-6031,1.0,4,reparticao_uniforme_entre_soc,IBGE Estrutura_Ocupacao_COD.xls,reproducao arquivada da ponte BLS ISCO08-SOC2010
8154,51-6061,1.0,4,reparticao_uniforme_entre_soc,IBGE Estrutura_Ocupacao_COD.xls,reproducao arquivada da ponte BLS ISCO08-SOC2010
8155,51-6099,1.0,4,reparticao_uniforme_entre_soc,IBGE Estrutura_Ocupacao_COD.xls,reproducao arquivada da ponte BLS ISCO08-SOC2010
8156,51-6042,1.0,4,reparticao_uniforme_entre_soc,IBGE Estrutura_Ocupacao_COD.xls,reproducao arquivada da ponte BLS ISCO08-SOC2010
8157,51-6011,1.0,4,reparticao_uniforme_entre_soc,IBGE Estrutura_Ocupacao_COD.xls,reproducao arquivada da ponte BLS ISCO08-SOC2010
8159,51-6099,1.0,4,reparticao_uniforme_entre_soc,IBGE Estrutura_Ocupacao_COD.xls,reproducao arquivada da ponte BLS ISCO08-SOC2010
8160,51-3091,0.16666666666666666,4,reparticao_uniforme_entre_soc,IBGE Estrutura_Ocupacao_COD.xls,reproducao arquivada da ponte BLS ISCO08-SOC2010
8160,51-3092,0.16666666666666666,4,reparticao_uniforme_entre_soc,IBGE Estrutura_Ocupacao_COD.xls,reproducao arquivada da ponte BLS ISCO08-SOC2010
8160,51-3093,0.16666666666666666,4,reparticao_uniforme_entre_soc,IBGE Estrutura_Ocupacao_COD.xls,reproducao arquivada da ponte BLS ISCO08-SOC2010
8160,51-3099,0.16666666666666666,4,reparticao_uniforme_entre_soc,IBGE Estrutura_Ocupacao_COD.xls,reproducao arquivada da ponte BLS ISCO08-SOC2010
8160,51-9041,0.16666666666666666,4,reparticao_uniforme_entre_soc,IBGE Estrutura_Ocupacao_COD.xls,reproducao arquivada da ponte BLS ISCO08-SOC2010
8160,51-9193,0.16666666666666666,4,reparticao_uniforme_entre_soc,IBGE Estrutura_Ocupacao_COD.xls,reproducao arquivada da ponte BLS ISCO08-SOC2010
8171,51-9192,0.5,4,reparticao_uniforme_entre_soc,IBGE Estrutura_Ocupacao_COD.xls,reproducao arquivada da ponte BLS ISCO08-SOC2010
8171,51-9196,0.5,4,reparticao_uniforme_entre_soc,IBGE Estrutura_Ocupacao_COD.xls,reproducao arquivada da ponte BLS ISCO08-SOC2010
8172,51-7041,1.0,4,reparticao_uniforme_entre_soc,IBGE Estrutura_Ocupacao_COD.xls,reproducao arquivada da ponte BLS ISCO08-SOC2010
8181,51-6091,0.16666666666666666,4,reparticao_uniforme_entre_soc,IBGE Estrutura_Ocupacao_COD.xls,reproducao arquivada da ponte BLS ISCO08-SOC2010
8181,51-9021,0.16666666666666666,4,reparticao_uniforme_entre_soc,IBGE Estrutura_Ocupacao_COD.xls,reproducao arquivada da ponte BLS ISCO08-SOC2010
8181,51-9023,0.16666666666666666,4,reparticao_uniforme_entre_soc,IBGE Estrutura_Ocupacao_COD.xls,reproducao arquivada da ponte BLS ISCO08-SOC2010
8181,51-9041,0.16666666666666666,4,reparticao_uniforme_entre_soc,IBGE Estrutura_Ocupacao_COD.xls,reproducao arquivada da ponte BLS ISCO08-SOC2010
8181,51-9051,0.16666666666666666,4,reparticao_uniforme_entre_soc,IBGE Estrutura_Ocupacao_COD.xls,reproducao arquivada da ponte BLS ISCO08-SOC2010
8181,51-9195,0.16666666666666666,4,reparticao_uniforme_entre_soc,IBGE Estrutura_Ocupacao_COD.xls,reproducao arquivada da ponte BLS ISCO08-SOC2010
8182,51-8021,1.0,4,reparticao_uniforme_entre_soc,IBGE Estrutura_Ocupacao_COD.xls,reproducao arquivada da ponte BLS ISCO08-SOC2010
8183,51-9111,1.0,4,reparticao_uniforme_entre_soc,IBGE Estrutura_Ocupacao_COD.xls,reproducao arquivada da ponte BLS ISCO08-SOC2010
8189,51-9141,0.25,4,reparticao_uniforme_entre_soc,IBGE Estrutura_Ocupacao_COD.xls,reproducao arquivada da ponte BLS ISCO08-SOC2010
8189,51-9191,0.25,4,reparticao_uniforme_entre_soc,IBGE Estrutura_Ocupacao_COD.xls,reproducao arquivada da ponte BLS ISCO08-SOC2010
8189,51-9193,0.25,4,reparticao_uniforme_entre_soc,IBGE Estrutura_Ocupacao_COD.xls,reproducao arquivada da ponte BLS ISCO08-SOC2010
8189,53-7011,0.25,4,reparticao_uniforme_entre_soc,IBGE Estrutura_Ocupacao_COD.xls,reproducao arquivada da ponte BLS ISCO08-SOC2010
8211,51-2011,0.5,4,reparticao_uniforme_entre_soc,IBGE Estrutura_Ocupacao_COD.xls,reproducao arquivada da ponte BLS ISCO08-SOC2010
8211,51-2031,0.5,4,reparticao_uniforme_entre_soc,IBGE Estrutura_Ocupacao_COD.xls,reproducao arquivada da ponte BLS ISCO08-SOC2010
8212,51-2021,0.2,4,reparticao_uniforme_entre_soc,IBGE Estrutura_Ocupacao_COD.xls,reproducao arquivada da ponte BLS ISCO08-SOC2010
8212,51-2022,0.2,4,reparticao_uniforme_entre_soc,IBGE Estrutura_Ocupacao_COD.xls,reproducao arquivada da ponte BLS ISCO08-SOC2010
8212,51-2023,0.2,4,reparticao_uniforme_entre_soc,IBGE Estrutura_Ocupacao_COD.xls,reproducao arquivada da ponte BLS ISCO08-SOC2010
8212,51-2093,0.2,4,reparticao_uniforme_entre_soc,IBGE Estrutura_Ocupacao_COD.xls,reproducao arquivada da ponte BLS ISCO08-SOC2010
8212,51-9194,0.2,4,reparticao_uniforme_entre_soc,IBGE Estrutura_Ocupacao_COD.xls,reproducao arquivada da ponte BLS ISCO08-SOC2010
8219,51-2092,0.5,4,reparticao_uniforme_entre_soc,IBGE Estrutura_Ocupacao_COD.xls,reproducao arquivada da ponte BLS ISCO08-SOC2010
8219,51-2099,0.5,4,reparticao_uniforme_entre_soc,IBGE Estrutura_Ocupacao_COD.xls,reproducao arquivada da ponte BLS ISCO08-SOC2010
8311,53-1031,0.16666666666666666,4,reparticao_uniforme_entre_soc,IBGE Estrutura_Ocupacao_COD.xls,reproducao arquivada da ponte BLS ISCO08-SOC2010
8311,53-4011,0.16666666666666666,4,reparticao_uniforme_entre_soc,IBGE Estrutura_Ocupacao_COD.xls,reproducao arquivada da ponte BLS ISCO08-SOC2010
8311,53-4012,0.16666666666666666,4,reparticao_uniforme_entre_soc,IBGE Estrutura_Ocupacao_COD.xls,reproducao arquivada da ponte BLS ISCO08-SOC2010
8311,53-4013,0.16666666666666666,4,reparticao_uniforme_entre_soc,IBGE Estrutura_Ocupacao_COD.xls,reproducao arquivada da ponte BLS ISCO08-SOC2010
8311,53-4041,0.16666666666666666,4,reparticao_uniforme_entre_soc,IBGE Estrutura_Ocupacao_COD.xls,reproducao arquivada da ponte BLS ISCO08-SOC2010
8311,53-7111,0.16666666666666666,4,reparticao_uniforme_entre_soc,IBGE Estrutura_Ocupacao_COD.xls,reproducao arquivada da ponte BLS ISCO08-SOC2010
8312,53-1031,0.25,4,reparticao_uniforme_entre_soc,IBGE Estrutura_Ocupacao_COD.xls,reproducao arquivada da ponte BLS ISCO08-SOC2010
8312,53-4021,0.25,4,reparticao_uniforme_entre_soc,IBGE Estrutura_Ocupacao_COD.xls,reproducao arquivada da ponte BLS ISCO08-SOC2010
8312,53-4031,0.25,4,reparticao_uniforme_entre_soc,IBGE Estrutura_Ocupacao_COD.xls,reproducao arquivada da ponte BLS ISCO08-SOC2010
8312,53-4099,0.25,4,reparticao_uniforme_entre_soc,IBGE Estrutura_Ocupacao_COD.xls,reproducao arquivada da ponte BLS ISCO08-SOC2010
8321,43-5021,0.3333333333333333,4,reparticao_uniforme_entre_soc,IBGE Estrutura_Ocupacao_COD.xls,reproducao arquivada da ponte BLS ISCO08-SOC2010
8321,53-1031,0.3333333333333333,4,reparticao_uniforme_entre_soc,IBGE Estrutura_Ocupacao_COD.xls,reproducao arquivada da ponte BLS ISCO08-SOC2010
8321,53-3099,0.3333333333333333,4,reparticao_uniforme_entre_soc,IBGE Estrutura_Ocupacao_COD.xls,reproducao arquivada da ponte BLS ISCO08-SOC2010
8322,53-1031,0.2,4,reparticao_uniforme_entre_soc,IBGE Estrutura_Ocupacao_COD.xls,reproducao arquivada da ponte BLS ISCO08-SOC2010
8322,53-3011,0.2,4,reparticao_uniforme_entre_soc,IBGE Estrutura_Ocupacao_COD.xls,reproducao arquivada da ponte BLS ISCO08-SOC2010
8322,53-3031,0.2,4,reparticao_uniforme_entre_soc,IBGE Estrutura_Ocupacao_COD.xls,reproducao arquivada da ponte BLS ISCO08-SOC2010
8322,53-3033,0.2,4,reparticao_uniforme_entre_soc,IBGE Estrutura_Ocupacao_COD.xls,reproducao arquivada da ponte BLS ISCO08-SOC2010
8322,53-3041,0.2,4,reparticao_uniforme_entre_soc,IBGE Estrutura_Ocupacao_COD.xls,reproducao arquivada da ponte BLS ISCO08-SOC2010
8331,53-1031,0.25,4,reparticao_uniforme_entre_soc,IBGE Estrutura_Ocupacao_COD.xls,reproducao arquivada da ponte BLS ISCO08-SOC2010
8331,53-3021,0.25,4,reparticao_uniforme_entre_soc,IBGE Estrutura_Ocupacao_COD.xls,reproducao arquivada da ponte BLS ISCO08-SOC2010
8331,53-3022,0.25,4,reparticao_uniforme_entre_soc,IBGE Estrutura_Ocupacao_COD.xls,reproducao arquivada da ponte BLS ISCO08-SOC2010
8331,53-4041,0.25,4,reparticao_uniforme_entre_soc,IBGE Estrutura_Ocupacao_COD.xls,reproducao arquivada da ponte BLS ISCO08-SOC2010
8332,53-1031,0.5,4,reparticao_uniforme_entre_soc,IBGE Estrutura_Ocupacao_COD.xls,reproducao arquivada da ponte BLS ISCO08-SOC2010
8332,53-3032,0.5,4,reparticao_uniforme_entre_soc,IBGE Estrutura_Ocupacao_COD.xls,reproducao arquivada da ponte BLS ISCO08-SOC2010
8341,45-2091,0.5,4,reparticao_uniforme_entre_soc,IBGE Estrutura_Ocupacao_COD.xls,reproducao arquivada da ponte BLS ISCO08-SOC2010
8341,45-4022,0.5,4,reparticao_uniforme_entre_soc,IBGE Estrutura_Ocupacao_COD.xls,reproducao arquivada da ponte BLS ISCO08-SOC2010
8342,47-2071,0.2,4,reparticao_uniforme_entre_soc,IBGE Estrutura_Ocupacao_COD.xls,reproducao arquivada da ponte BLS ISCO08-SOC2010
8342,47-2072,0.2,4,reparticao_uniforme_entre_soc,IBGE Estrutura_Ocupacao_COD.xls,reproducao arquivada da ponte BLS ISCO08-SOC2010
8342,47-2073,0.2,4,reparticao_uniforme_entre_soc,IBGE Estrutura_Ocupacao_COD.xls,reproducao arquivada da ponte BLS ISCO08-SOC2010
8342,53-7031,0.2,4,reparticao_uniforme_entre_soc,IBGE Estrutura_Ocupacao_COD.xls,reproducao arquivada da ponte BLS ISCO08-SOC2010
8342,53-7032,0.2,4,reparticao_uniforme_entre_soc,IBGE Estrutura_Ocupacao_COD.xls,reproducao arquivada da ponte BLS ISCO08-SOC2010
8343,39-3091,0.2,4,reparticao_uniforme_entre_soc,IBGE Estrutura_Ocupacao_COD.xls,reproducao arquivada da ponte BLS ISCO08-SOC2010
8343,53-1031,0.2,4,reparticao_uniforme_entre_soc,IBGE Estrutura_Ocupacao_COD.xls,reproducao arquivada da ponte BLS ISCO08-SOC2010
8343,53-6011,0.2,4,reparticao_uniforme_entre_soc,IBGE Estrutura_Ocupacao_COD.xls,reproducao arquivada da ponte BLS ISCO08-SOC2010
8343,53-7021,0.2,4,reparticao_uniforme_entre_soc,IBGE Estrutura_Ocupacao_COD.xls,reproducao arquivada da ponte BLS ISCO08-SOC2010
8343,53-7041,0.2,4,reparticao_uniforme_entre_soc,IBGE Estrutura_Ocupacao_COD.xls,reproducao arquivada da ponte BLS ISCO08-SOC2010
8344,53-1031,0.5,4,reparticao_uniforme_entre_soc,IBGE Estrutura_Ocupacao_COD.xls,reproducao arquivada da ponte BLS ISCO08-SOC2010
8344,53-7051,0.5,4,reparticao_uniforme_entre_soc,IBGE Estrutura_Ocupacao_COD.xls,reproducao arquivada da ponte BLS ISCO08-SOC2010
8350,53-5011,0.5,4,reparticao_uniforme_entre_soc,IBGE Estrutura_Ocupacao_COD.xls,reproducao arquivada da ponte BLS ISCO08-SOC2010
8350,53-5022,0.5,4,reparticao_uniforme_entre_soc,IBGE Estrutura_Ocupacao_COD.xls,reproducao arquivada da ponte BLS ISCO08-SOC2010
9111,37-2012,1.0,4,reparticao_uniforme_entre_soc,IBGE Estrutura_Ocupacao_COD.xls,reproducao arquivada da ponte BLS ISCO08-SOC2010
9112,37-2011,0.3333333333333333,4,reparticao_uniforme_entre_soc,IBGE Estrutura_Ocupacao_COD.xls,reproducao arquivada da ponte BLS ISCO08-SOC2010
9112,37-2012,0.3333333333333333,4,reparticao_uniforme_entre_soc,IBGE Estrutura_Ocupacao_COD.xls,reproducao arquivada da ponte BLS ISCO08-SOC2010
9112,53-7061,0.3333333333333333,4,reparticao_uniforme_entre_soc,IBGE Estrutura_Ocupacao_COD.xls,reproducao arquivada da ponte BLS ISCO08-SOC2010
9121,51-6021,1.0,4,reparticao_uniforme_entre_soc,IBGE Estrutura_Ocupacao_COD.xls,reproducao arquivada da ponte BLS ISCO08-SOC2010
9122,53-7061,1.0,4,reparticao_uniforme_entre_soc,IBGE Estrutura_Ocupacao_COD.xls,reproducao arquivada da ponte BLS ISCO08-SOC2010
9123,37-2011,1.0,4,reparticao_uniforme_entre_soc,IBGE Estrutura_Ocupacao_COD.xls,reproducao arquivada da ponte BLS ISCO08-SOC2010
9129,37-2019,0.5,4,reparticao_uniforme_entre_soc,IBGE Estrutura_Ocupacao_COD.xls,reproducao arquivada da ponte BLS ISCO08-SOC2010
9129,47-4071,0.5,4,reparticao_uniforme_entre_soc,IBGE Estrutura_Ocupacao_COD.xls,reproducao arquivada da ponte BLS ISCO08-SOC2010
9211,45-2092,0.5,4,reparticao_uniforme_entre_soc,IBGE Estrutura_Ocupacao_COD.xls,reproducao arquivada da ponte BLS ISCO08-SOC2010
9211,45-2099,0.5,4,reparticao_uniforme_entre_soc,IBGE Estrutura_Ocupacao_COD.xls,reproducao arquivada da ponte BLS ISCO08-SOC2010
9212,45-2093,0.5,4,reparticao_uniforme_entre_soc,IBGE Estrutura_Ocupacao_COD.xls,reproducao arquivada da ponte BLS ISCO08-SOC2010
9212,45-2099,0.5,4,reparticao_uniforme_entre_soc,IBGE Estrutura_Ocupacao_COD.xls,reproducao arquivada da ponte BLS ISCO08-SOC2010
9213,45-2092,0.3333333333333333,4,reparticao_uniforme_entre_soc,IBGE Estrutura_Ocupacao_COD.xls,reproducao arquivada da ponte BLS ISCO08-SOC2010
9213,45-2093,0.3333333333333333,4,reparticao_uniforme_entre_soc,IBGE Estrutura_Ocupacao_COD.xls,reproducao arquivada da ponte BLS ISCO08-SOC2010
9213,45-2099,0.3333333333333333,4,reparticao_uniforme_entre_soc,IBGE Estrutura_Ocupacao_COD.xls,reproducao arquivada da ponte BLS ISCO08-SOC2010
9214,37-3011,0.3333333333333333,4,reparticao_uniforme_entre_soc,IBGE Estrutura_Ocupacao_COD.xls,reproducao arquivada da ponte BLS ISCO08-SOC2010
9214,37-3019,0.3333333333333333,4,reparticao_uniforme_entre_soc,IBGE Estrutura_Ocupacao_COD.xls,reproducao arquivada da ponte BLS ISCO08-SOC2010
9214,45-2092,0.3333333333333333,4,reparticao_uniforme_entre_soc,IBGE Estrutura_Ocupacao_COD.xls,reproducao arquivada da ponte BLS ISCO08-SOC2010
9215,45-4011,0.5,4,reparticao_uniforme_entre_soc,IBGE Estrutura_Ocupacao_COD.xls,reproducao arquivada da ponte BLS ISCO08-SOC2010
9215,45-4029,0.5,4,reparticao_uniforme_entre_soc,IBGE Estrutura_Ocupacao_COD.xls,reproducao arquivada da ponte BLS ISCO08-SOC2010
9216,45-2093,0.5,4,reparticao_uniforme_entre_soc,IBGE Estrutura_Ocupacao_COD.xls,reproducao arquivada da ponte BLS ISCO08-SOC2010
9216,45-3011,0.5,4,reparticao_uniforme_entre_soc,IBGE Estrutura_Ocupacao_COD.xls,reproducao arquivada da ponte BLS ISCO08-SOC2010
9311,47-5081,0.5,4,reparticao_uniforme_entre_soc,IBGE Estrutura_Ocupacao_COD.xls,reproducao arquivada da ponte BLS ISCO08-SOC2010
9311,47-5099,0.5,4,reparticao_uniforme_entre_soc,IBGE Estrutura_Ocupacao_COD.xls,reproducao arquivada da ponte BLS ISCO08-SOC2010
9312,47-3019,0.3333333333333333,4,reparticao_uniforme_entre_soc,IBGE Estrutura_Ocupacao_COD.xls,reproducao arquivada da ponte BLS ISCO08-SOC2010
9312,47-4051,0.3333333333333333,4,reparticao_uniforme_entre_soc,IBGE Estrutura_Ocupacao_COD.xls,reproducao arquivada da ponte BLS ISCO08-SOC2010
9312,47-4061,0.3333333333333333,4,reparticao_uniforme_entre_soc,IBGE Estrutura_Ocupacao_COD.xls,reproducao arquivada da ponte BLS ISCO08-SOC2010
9313,47-2061,0.125,4,reparticao_uniforme_entre_soc,IBGE Estrutura_Ocupacao_COD.xls,reproducao arquivada da ponte BLS ISCO08-SOC2010
9313,47-3011,0.125,4,reparticao_uniforme_entre_soc,IBGE Estrutura_Ocupacao_COD.xls,reproducao arquivada da ponte BLS ISCO08-SOC2010
9313,47-3012,0.125,4,reparticao_uniforme_entre_soc,IBGE Estrutura_Ocupacao_COD.xls,reproducao arquivada da ponte BLS ISCO08-SOC2010
9313,47-3013,0.125,4,reparticao_uniforme_entre_soc,IBGE Estrutura_Ocupacao_COD.xls,reproducao arquivada da ponte BLS ISCO08-SOC2010
9313,47-3014,0.125,4,reparticao_uniforme_entre_soc,IBGE Estrutura_Ocupacao_COD.xls,reproducao arquivada da ponte BLS ISCO08-SOC2010
9313,47-3015,0.125,4,reparticao_uniforme_entre_soc,IBGE Estrutura_Ocupacao_COD.xls,reproducao arquivada da ponte BLS ISCO08-SOC2010
9313,47-3016,0.125,4,reparticao_uniforme_entre_soc,IBGE Estrutura_Ocupacao_COD.xls,reproducao arquivada da ponte BLS ISCO08-SOC2010
9313,47-3019,0.125,4,reparticao_uniforme_entre_soc,IBGE Estrutura_Ocupacao_COD.xls,reproducao arquivada da ponte BLS ISCO08-SOC2010
9321,53-7064,1.0,4,reparticao_uniforme_entre_soc,IBGE Estrutura_Ocupacao_COD.xls,reproducao arquivada da ponte BLS ISCO08-SOC2010
9329,51-9198,0.25,4,reparticao_uniforme_entre_soc,IBGE Estrutura_Ocupacao_COD.xls,reproducao arquivada da ponte BLS ISCO08-SOC2010
9329,51-9199,0.25,4,reparticao_uniforme_entre_soc,IBGE Estrutura_Ocupacao_COD.xls,reproducao arquivada da ponte BLS ISCO08-SOC2010
9329,53-7062,0.25,4,reparticao_uniforme_entre_soc,IBGE Estrutura_Ocupacao_COD.xls,reproducao arquivada da ponte BLS ISCO08-SOC2010
9329,53-7063,0.25,4,reparticao_uniforme_entre_soc,IBGE Estrutura_Ocupacao_COD.xls,reproducao arquivada da ponte BLS ISCO08-SOC2010
9331,43-5021,0.3333333333333333,4,reparticao_uniforme_entre_soc,IBGE Estrutura_Ocupacao_COD.xls,reproducao arquivada da ponte BLS ISCO08-SOC2010
9331,53-6099,0.3333333333333333,4,reparticao_uniforme_entre_soc,IBGE Estrutura_Ocupacao_COD.xls,reproducao arquivada da ponte BLS ISCO08-SOC2010
9331,53-7199,0.3333333333333333,4,reparticao_uniforme_entre_soc,IBGE Estrutura_Ocupacao_COD.xls,reproducao arquivada da ponte BLS ISCO08-SOC2010
9332,53-6099,0.5,4,reparticao_uniforme_entre_soc,IBGE Estrutura_Ocupacao_COD.xls,reproducao arquivada da ponte BLS ISCO08-SOC2010
9332,53-7199,0.5,4,reparticao_uniforme_entre_soc,IBGE Estrutura_Ocupacao_COD.xls,reproducao arquivada da ponte BLS ISCO08-SOC2010
9333,53-1011,0.25,4,reparticao_uniforme_entre_soc,IBGE Estrutura_Ocupacao_COD.xls,reproducao arquivada da ponte BLS ISCO08-SOC2010
9333,53-1021,0.25,4,reparticao_uniforme_entre_soc,IBGE Estrutura_Ocupacao_COD.xls,reproducao arquivada da ponte BLS ISCO08-SOC2010
9333,53-7062,0.25,4,reparticao_uniforme_entre_soc,IBGE Estrutura_Ocupacao_COD.xls,reproducao arquivada da ponte BLS ISCO08-SOC2010
9333,53-7121,0.25,4,reparticao_uniforme_entre_soc,IBGE Estrutura_Ocupacao_COD.xls,reproducao arquivada da ponte BLS ISCO08-SOC2010
9334,43-5081,1.0,4,reparticao_uniforme_entre_soc,IBGE Estrutura_Ocupacao_COD.xls,reproducao arquivada da ponte BLS ISCO08-SOC2010
9411,35-2011,0.5,4,reparticao_uniforme_entre_soc,IBGE Estrutura_Ocupacao_COD.xls,reproducao arquivada da ponte BLS ISCO08-SOC2010
9411,35-2015,0.5,4,reparticao_uniforme_entre_soc,IBGE Estrutura_Ocupacao_COD.xls,reproducao arquivada da ponte BLS ISCO08-SOC2010
9412,35-2021,0.25,4,reparticao_uniforme_entre_soc,IBGE Estrutura_Ocupacao_COD.xls,reproducao arquivada da ponte BLS ISCO08-SOC2010
9412,35-9011,0.25,4,reparticao_uniforme_entre_soc,IBGE Estrutura_Ocupacao_COD.xls,reproducao arquivada da ponte BLS ISCO08-SOC2010
9412,35-9021,0.25,4,reparticao_uniforme_entre_soc,IBGE Estrutura_Ocupacao_COD.xls,reproducao arquivada da ponte BLS ISCO08-SOC2010
9412,35-9099,0.25,4,reparticao_uniforme_entre_soc,IBGE Estrutura_Ocupacao_COD.xls,reproducao arquivada da ponte BLS ISCO08-SOC2010
9510,39-9099,1.0,4,reparticao_uniforme_entre_soc,IBGE Estrutura_Ocupacao_COD.xls,reproducao arquivada da ponte BLS ISCO08-SOC2010
9520,41-9091,1.0,4,reparticao_uniforme_entre_soc,IBGE Estrutura_Ocupacao_COD.xls,reproducao arquivada da ponte BLS ISCO08-SOC2010
9611,53-1031,0.5,4,reparticao_uniforme_entre_soc,IBGE Estrutura_Ocupacao_COD.xls,reproducao arquivada da ponte BLS ISCO08-SOC2010
9611,53-7081,0.5,4,reparticao_uniforme_entre_soc,IBGE Estrutura_Ocupacao_COD.xls,reproducao arquivada da ponte BLS ISCO08-SOC2010
9612,53-7081,1.0,4,reparticao_uniforme_entre_soc,IBGE Estrutura_Ocupacao_COD.xls,reproducao arquivada da ponte BLS ISCO08-SOC2010
9613,37-3019,1.0,4,reparticao_uniforme_entre_soc,IBGE Estrutura_Ocupacao_COD.xls,reproducao arquivada da ponte BLS ISCO08-SOC2010
9621,39-6011,0.5,4,reparticao_uniforme_entre_soc,IBGE Estrutura_Ocupacao_COD.xls,reproducao arquivada da ponte BLS ISCO08-SOC2010
9621,43-5021,0.5,4,reparticao_uniforme_entre_soc,IBGE Estrutura_Ocupacao_COD.xls,reproducao arquivada da ponte BLS ISCO08-SOC2010
9622,37-3019,0.25,4,reparticao_uniforme_entre_soc,IBGE Estrutura_Ocupacao_COD.xls,reproducao arquivada da ponte BLS ISCO08-SOC2010
9622,49-9071,0.25,4,reparticao_uniforme_entre_soc,IBGE Estrutura_Ocupacao_COD.xls,reproducao arquivada da ponte BLS ISCO08-SOC2010
9622,49-9098,0.25,4,reparticao_uniforme_entre_soc,IBGE Estrutura_Ocupacao_COD.xls,reproducao arquivada da ponte BLS ISCO08-SOC2010
9622,49-9099,0.25,4,reparticao_uniforme_entre_soc,IBGE Estrutura_Ocupacao_COD.xls,reproducao arquivada da ponte BLS ISCO08-SOC2010
9623,43-5041,0.5,4,reparticao_uniforme_entre_soc,IBGE Estrutura_Ocupacao_COD.xls,reproducao arquivada da ponte BLS ISCO08-SOC2010
9623,49-9091,0.5,4,reparticao_uniforme_entre_soc,IBGE Estrutura_Ocupacao_COD.xls,reproducao arquivada da ponte BLS ISCO08-SOC2010
9624,53-7062,1.0,4,reparticao_uniforme_entre_soc,IBGE Estrutura_Ocupacao_COD.xls,reproducao arquivada da ponte BLS ISCO08-SOC2010
9629,39-3021,0.2,4,reparticao_uniforme_entre_soc,IBGE Estrutura_Ocupacao_COD.xls,reproducao arquivada da ponte BLS ISCO08-SOC2010
9629,39-3031,0.2,4,reparticao_uniforme_entre_soc,IBGE Estrutura_Ocupacao_COD.xls,reproducao arquivada da ponte BLS ISCO08-SOC2010
9629,39-3091,0.2,4,reparticao_uniforme_entre_soc,IBGE Estrutura_Ocupacao_COD.xls,reproducao arquivada da ponte BLS ISCO08-SOC2010
9629,39-3093,0.2,4,reparticao_uniforme_entre_soc,IBGE Estrutura_Ocupacao_COD.xls,reproducao arquivada da ponte BLS ISCO08-SOC2010
9629,53-6021,0.2,4,reparticao_uniforme_entre_soc,IBGE Estrutura_Ocupacao_COD.xls,reproducao arquivada da ponte BLS ISCO08-SOC2010
